id,crashId,Aboard,Fatalities,Ground,
1,1,2,1,0,
2,2,5,5,0,
3,3,1,1,0,
4,4,20,14,0,
5,5,30,30,0,
6,6,41,21,0,
7,7,19,19,0,
8,8,20,20,0,
9,9,22,22,0,
10,10,19,19,0,
11,11,28,27,0,
12,12,20,20,0,
13,13,20,20,0,
14,14,23,23,0,
15,15,21,21,0,
16,16,24,24,0,
17,17,18,18,0,
18,18,18,18,0,
19,19,23,23,0,
20,20,22,22,0,
21,21,19,19,0,
22,22,1,1,0,
23,23,1,1,0,
24,24,1,1,0,
25,25,1,1,0,
26,26,1,1,0,
27,27,,,,
28,28,1,1,0,
29,29,1,1,0,
30,30,1,1,0,
31,31,2,1,0,
32,32,2,1,0,
33,33,2,1,0,
34,34,1,1,0,
35,35,1,1,0,
36,36,1,1,0,
37,37,2,2,0,
38,38,2,2,0,
39,39,1,1,0,
40,40,2,2,0,
41,41,2,2,0,
42,42,1,1,0,
43,43,1,1,0,
44,44,8,4,0,
45,45,1,1,0,
46,46,1,1,0,
47,47,3,3,0,
48,48,2,2,0,
49,49,1,1,0,
50,50,2,1,0,
51,51,1,1,0,
52,52,1,1,0,
53,53,1,1,0,
54,54,1,1,0,
55,55,2,2,0,
56,56,46,46,1,
57,57,5,5,0,
58,58,3,3,0,
59,59,5,5,5,
60,60,45,34,0,
61,61,7,7,0,
62,62,17,17,0,
63,63,3,3,0,
64,64,1,1,0,
65,65,3,3,0,
66,66,3,3,0,
67,67,1,1,0,
68,68,4,4,0,
69,69,2,2,0,
70,70,1,1,0,
71,71,4,3,0,
72,72,1,1,0,
73,73,1,1,0,
74,74,1,1,0,
75,75,6,6,0,
76,76,2,2,0,
77,77,1,1,0,
78,78,6,6,0,
79,79,4,2,0,
80,80,1,1,0,
81,81,52,52,0,
82,82,1,1,0,
83,83,1,1,0,
84,84,3,3,0,
85,85,3,3,0,
86,86,1,1,0,
87,87,1,1,0,
88,88,1,1,0,
89,89,8,8,0,
90,90,5,5,0,
91,91,4,4,0,
92,92,2,2,0,
93,93,4,4,0,
94,94,2,2,0,
95,95,1,1,0,
96,96,1,1,0,
97,97,43,14,0,
98,98,3,3,0,
99,99,2,2,0,
100,100,1,1,0,
101,101,1,1,0,
102,102,1,1,0,
103,103,7,7,0,
104,104,2,2,0,
105,105,4,4,0,
106,106,4,4,0,
107,107,5,2,0,
108,108,4,4,0,
109,109,12,0,0,
110,110,3,3,0,
111,111,1,1,0,
112,112,2,2,0,
113,113,1,1,0,
114,114,3,3,0,
115,115,1,1,0,
116,116,1,1,0,
117,117,2,2,0,
118,118,3,1,0,
119,119,5,5,0,
120,120,11,1,0,
121,121,1,1,0,
122,122,12,7,0,
123,123,4,2,0,
124,124,6,6,0,
125,125,2,2,0,
126,126,4,4,0,
127,127,1,1,0,
128,128,6,6,0,
129,129,1,1,0,
130,130,2,2,0,
131,131,1,1,0,
132,132,4,4,0,
133,133,3,3,0,
134,134,2,2,0,
135,135,2,2,0,
136,136,2,1,0,
137,137,1,1,0,
138,138,2,1,0,
139,139,10,10,0,
140,140,2,2,0,
141,141,2,1,0,
142,142,9,9,0,
143,143,1,1,0,
144,144,2,2,0,
145,145,5,3,0,
146,146,5,5,0,
147,147,1,1,0,
148,148,6,6,0,
149,149,4,4,0,
150,150,1,1,0,
151,151,7,7,0,
152,152,3,3,0,
153,153,2,1,0,
154,154,7,7,0,
155,155,3,3,0,
156,156,3,3,0,
157,157,1,1,0,
158,158,2,1,0,
159,159,2,1,0,
160,160,3,3,0,
161,161,1,1,0,
162,162,3,3,0,
163,163,5,5,0,
164,164,14,14,0,
165,165,6,6,0,
166,166,4,3,0,
167,167,1,1,0,
168,168,4,4,0,
169,169,3,2,0,
170,170,1,1,0,
171,171,1,1,0,
172,172,9,2,0,
173,173,1,1,0,
174,174,2,2,0,
175,175,15,14,0,
176,176,4,4,0,
177,177,6,6,0,
178,178,2,2,0,
179,179,5,4,0,
180,180,5,2,0,
181,181,2,1,0,
182,182,13,7,0,
183,183,8,1,0,
184,184,5,5,0,
185,185,1,1,0,
186,186,4,4,0,
187,187,1,1,0,
188,188,1,1,0,
189,189,5,4,0,
190,190,2,1,0,
191,191,8,8,0,
192,192,5,3,0,
193,193,5,5,0,
194,194,2,1,0,
195,195,1,1,0,
196,196,7,7,0,
197,197,1,1,0,
198,198,2,2,0,
199,199,4,4,0,
200,200,8,7,0,
201,201,3,3,0,
202,202,1,1,0,
203,203,1,1,0,
204,204,3,3,0,
205,205,3,2,0,
206,206,5,5,0,
207,207,1,1,0,
208,208,3,3,0,
209,209,16,16,0,
210,210,2,2,0,
211,211,5,5,0,
212,212,1,1,0,
213,213,2,2,0,
214,214,4,4,0,
215,215,4,3,0,
216,216,15,1,0,
217,217,8,5,0,
218,218,5,5,0,
219,219,11,10,0,
220,220,2,2,0,
221,221,3,3,0,
222,222,54,48,0,
223,223,8,8,0,
224,224,4,4,0,
225,225,3,3,0,
226,226,6,3,0,
227,227,1,1,0,
228,228,9,1,0,
229,229,3,3,,
230,230,6,4,0,
231,231,2,2,0,
232,232,1,1,0,
233,233,1,1,0,
234,234,3,2,0,
235,235,3,1,0,
236,236,8,8,0,
237,237,8,8,0,
238,238,10,2,0,
239,239,2,2,0,
240,240,1,1,0,
241,241,1,1,0,
242,242,4,4,0,
243,243,3,2,0,
244,244,4,4,0,
245,245,2,2,0,
246,246,2,2,0,
247,247,1,1,0,
248,248,7,7,0,
249,249,6,6,0,
250,250,1,1,0,
251,251,4,4,0,
252,252,3,3,0,
253,253,3,3,0,
254,254,5,5,0,
255,255,3,3,0,
256,256,1,1,0,
257,257,3,3,0,
258,258,1,1,0,
259,259,6,2,0,
260,260,7,5,0,
261,261,2,2,0,
262,262,5,4,0,
263,263,1,1,0,
264,264,8,8,0,
265,265,5,5,0,
266,266,1,1,0,
267,267,2,1,0,
268,268,3,3,0,
269,269,5,2,0,
270,270,7,7,0,
271,271,1,1,0,
272,272,3,3,0,
273,273,1,1,0,
274,274,1,1,0,
275,275,2,2,0,
276,276,3,3,0,
277,277,9,9,0,
278,278,7,1,0,
279,279,2,2,0,
280,280,4,3,0,
281,281,2,1,0,
282,282,3,3,0,
283,283,1,1,0,
284,284,2,2,0,
285,285,2,2,0,
286,286,5,5,0,
287,287,2,2,0,
288,288,2,2,0,
289,289,1,1,0,
290,290,2,2,0,
291,291,1,1,0,
292,292,2,2,0,
293,293,1,1,0,
294,294,1,1,0,
295,295,3,1,0,
296,296,2,2,0,
297,297,3,3,11,
298,298,15,15,0,
299,299,2,1,0,
300,300,76,73,0,
301,301,6,6,0,
302,302,4,4,0,
303,303,6,6,0,
304,304,1,1,0,
305,305,5,5,0,
306,306,8,8,0,
307,307,10,10,0,
308,308,2,2,0,
309,309,9,4,,
310,310,1,1,0,
311,311,8,8,,
312,312,20,14,0,
313,313,2,2,0,
314,314,8,7,0,
315,315,6,4,0,
316,316,10,10,0,
317,317,14,14,0,
318,318,2,2,0,
319,319,8,8,0,
320,320,6,1,0,
321,321,4,4,0,
322,322,6,5,0,
323,323,15,3,0,
324,324,3,3,0,
325,325,6,6,0,
326,326,2,2,0,
327,327,7,7,0,
328,328,10,5,0,
329,329,7,1,0,
330,330,1,1,0,
331,331,4,3,0,
332,332,12,12,0,
333,333,2,2,0,
334,334,,,,
335,335,5,5,0,
336,336,3,3,0,
337,337,11,11,0,
338,338,4,2,0,
339,339,4,4,0,
340,340,4,4,0,
341,341,2,2,0,
342,342,3,3,0,
343,343,1,1,0,
344,344,8,4,0,
345,345,7,7,0,
346,346,1,1,0,
347,347,1,1,0,
348,348,11,11,0,
349,349,,3,0,
350,350,6,3,0,
351,351,5,5,0,
352,352,3,1,0,
353,353,7,7,0,
354,354,1,1,0,
355,355,14,5,0,
356,356,12,3,0,
357,357,50,50,2,
358,358,1,1,0,
359,359,2,2,0,
360,360,9,6,0,
361,361,20,17,0,
362,362,20,6,0,
363,363,2,2,0,
364,364,13,13,0,
365,365,,,,
366,366,4,4,0,
367,367,3,3,0,
368,368,2,2,0,
369,369,3,3,0,
370,370,5,5,0,
371,371,12,12,0,
372,372,6,6,0,
373,373,6,1,0,
374,374,4,4,0,
375,375,4,4,0,
376,376,14,14,0,
377,377,1,1,0,
378,378,3,3,0,
379,379,2,1,0,
380,380,11,11,0,
381,381,3,3,0,
382,382,13,12,0,
383,383,17,17,0,
384,384,13,13,0,
385,385,6,6,0,
386,386,6,1,0,
387,387,4,4,0,
388,388,6,0,0,
389,389,14,14,0,
390,390,2,2,0,
391,391,15,13,0,
392,392,25,3,0,
393,393,7,7,0,
394,394,5,3,0,
395,395,2,2,0,
396,396,2,2,0,
397,397,2,2,0,
398,398,15,1,0,
399,399,6,1,0,
400,400,7,7,0,
401,401,7,7,0,
402,402,3,3,0,
403,403,1,1,0,
404,404,8,8,0,
405,405,2,2,0,
406,406,2,2,0,
407,407,11,2,0,
408,408,2,2,0,
409,409,3,3,0,
410,410,4,4,0,
411,411,1,1,0,
412,412,1,1,0,
413,413,15,11,0,
414,414,9,9,0,
415,415,16,4,0,
416,416,4,2,0,
417,417,6,6,0,
418,418,5,5,0,
419,419,17,15,0,
420,420,7,7,0,
421,421,2,2,0,
422,422,14,14,0,
423,423,6,6,0,
424,424,,,,
425,425,12,12,0,
426,426,13,5,0,
427,427,12,12,0,
428,428,11,11,0,
429,429,7,5,0,
430,430,4,4,0,
431,431,6,5,0,
432,432,13,13,0,
433,433,6,2,0,
434,434,97,35,1,
435,435,4,4,0,
436,436,2,2,0,
437,437,15,15,0,
438,438,9,9,0,
439,439,14,14,0,
440,440,11,3,0,
441,441,9,4,0,
442,442,3,3,0,
443,443,2,1,0,
444,444,8,8,0,
445,445,14,2,0,
446,446,5,4,0,
447,447,19,19,0,
448,448,12,10,0,
449,449,11,11,0,
450,450,3,3,0,
451,451,19,2,0,
452,452,7,2,0,
453,453,3,3,0,
454,454,6,6,0,
455,455,10,10,0,
456,456,7,7,0,
457,457,1,1,0,
458,458,14,11,0,
459,459,19,13,0,
460,460,12,8,0,
461,461,2,2,0,
462,462,3,3,0,
463,463,9,9,0,
464,464,7,7,0,
465,465,1,1,0,
466,466,19,19,0,
467,467,6,1,0,
468,468,2,2,0,
469,469,9,9,0,
470,470,17,2,0,
471,471,10,10,0,
472,472,3,3,0,
473,473,1,1,0,
474,474,3,3,0,
475,475,4,4,0,
476,476,10,10,0,
477,477,20,20,0,
478,478,14,14,0,
479,479,1,1,52,
480,480,4,4,0,
481,481,15,15,0,
482,482,6,6,0,
483,483,12,12,0,
484,484,17,16,0,
485,485,9,9,0,
486,486,7,7,0,
487,487,13,13,0,
488,488,17,14,0,
489,489,9,5,0,
490,490,4,4,0,
491,491,13,13,0,
492,492,20,20,0,
493,493,18,18,0,
494,494,2,2,0,
495,495,14,14,1,
496,496,19,6,0,
497,497,2,2,0,
498,498,15,11,0,
499,499,6,4,0,
500,500,7,7,0,
501,501,12,10,0,
502,502,4,4,0,
503,503,13,13,0,
504,504,9,5,0,
505,505,4,4,0,
506,506,9,9,0,
507,507,4,4,0,
508,508,13,3,0,
509,509,10,10,0,
510,510,3,3,0,
511,511,8,8,0,
512,512,10,10,0,
513,513,13,2,0,
514,514,6,6,0,
515,515,12,8,0,
516,516,9,9,0,
517,517,6,2,0,
518,518,9,9,0,
519,519,1,1,22,
520,520,3,3,0,
521,521,6,6,0,
522,522,7,7,0,
523,523,16,14,0,
524,524,6,5,0,
525,525,2,2,0,
526,526,7,7,0,
527,527,,1,0,
528,528,2,2,,
529,529,10,10,0,
530,530,11,5,0,
531,531,7,7,0,
532,532,9,8,0,
533,533,8,8,0,
534,534,3,3,0,
535,535,5,5,0,
536,536,9,9,0,
537,537,1,1,0,
538,538,,,,
539,539,10,10,0,
540,540,18,14,0,
541,541,25,25,0,
542,542,14,9,0,
543,543,15,2,0,
544,544,10,10,0,
545,545,29,29,0,
546,546,18,18,0,
547,547,6,6,0,
548,548,16,10,0,
549,549,10,10,0,
550,550,12,12,0,
551,551,6,5,0,
552,552,13,2,0,
553,553,12,12,0,
554,554,16,9,0,
555,555,12,3,0,
556,556,10,10,0,
557,557,15,15,0,
558,558,18,18,0,
559,559,22,22,0,
560,560,22,22,0,
561,561,12,8,0,
562,562,17,13,0,
563,563,10,10,0,
564,564,15,2,0,
565,565,13,13,0,
566,566,15,14,0,
567,567,20,20,0,
568,568,3,3,0,
569,569,22,22,0,
570,570,11,11,0,
571,571,,,,
572,572,,,,
573,573,18,13,0,
574,574,,,,
575,575,9,9,0,
576,576,9,9,0,
577,577,20,20,0,
578,578,33,19,0,
579,579,12,8,0,
580,580,7,7,0,
581,581,17,13,0,
582,582,12,12,0,
583,583,17,17,0,
584,584,14,3,0,
585,585,21,21,0,
586,586,10,10,0,
587,587,13,13,0,
588,588,,4,0,
589,589,4,4,0,
590,590,13,13,0,
591,591,14,13,0,
592,592,14,13,0,
593,593,25,25,0,
594,594,,,,
595,595,22,22,0,
596,596,37,11,0,
597,597,17,17,0,
598,598,13,12,0,
599,599,10,10,0,
600,600,19,17,0,
601,601,16,2,0,
602,602,13,13,0,
603,603,35,35,0,
604,604,26,26,0,
605,605,19,19,0,
606,606,15,14,0,
607,607,21,19,0,
608,608,10,10,20,
609,609,39,25,0,
610,610,3,3,0,
611,611,3,3,0,
612,612,24,24,0,
613,613,13,13,0,
614,614,17,17,0,
615,615,20,20,0,
616,616,41,40,0,
617,617,17,17,0,
618,618,16,16,0,
619,619,13,12,0,
620,620,25,12,0,
621,621,22,20,0,
622,622,10,10,63,
623,623,27,27,0,
624,624,3,3,0,
625,625,21,18,0,
626,626,22,22,0,
627,627,25,25,0,
628,628,20,20,0,
629,629,15,15,0,
630,630,24,24,0,
631,631,15,13,0,
632,632,20,20,0,
633,633,1,1,37,
634,634,3,2,0,
635,635,3,3,0,
636,636,15,15,0,
637,637,3,3,0,
638,638,31,31,0,
639,639,25,25,0,
640,640,5,5,0,
641,641,24,24,0,
642,642,2,2,0,
643,643,16,16,0,
644,644,21,21,,
645,645,6,6,0,
646,646,7,5,0,
647,647,20,9,0,
648,648,16,16,0,
649,649,12,12,0,
650,650,14,14,0,
651,651,22,22,0,
652,652,22,22,0,
653,653,22,22,0,
654,654,6,6,0,
655,655,4,2,0,
656,656,10,10,0,
657,657,26,26,0,
658,658,22,22,0,
659,659,24,22,0,
660,660,28,28,0,
661,661,31,17,0,
662,662,2,2,0,
663,663,3,3,58,
664,664,20,20,5,
665,665,16,16,0,
666,666,5,5,0,
667,667,20,20,0,
668,668,19,19,0,
669,669,17,17,0,
670,670,9,9,0,
671,671,12,12,0,
672,672,3,3,0,
673,673,7,7,0,
674,674,30,1,0,
675,675,15,15,0,
676,676,9,1,0,
677,677,24,24,0,
678,678,24,24,0,
679,679,,,,
680,680,30,25,0,
681,681,16,16,0,
682,682,15,15,0,
683,683,10,10,0,
684,684,3,3,0,
685,685,17,9,0,
686,686,5,5,0,
687,687,3,3,0,
688,688,4,4,0,
689,689,30,23,0,
690,690,24,24,0,
691,691,6,4,0,
692,692,3,3,0,
693,693,11,11,0,
694,694,10,10,0,
695,695,26,23,0,
696,696,23,23,0,
697,697,24,24,0,
698,698,11,11,0,
699,699,30,13,0,
700,700,22,17,0,
701,701,24,24,0,
702,702,3,3,0,
703,703,20,20,0,
704,704,13,13,0,
705,705,18,18,0,
706,706,25,25,0,
707,707,21,21,0,
708,708,31,31,0,
709,709,13,6,0,
710,710,21,21,0,
711,711,30,30,1,
712,712,31,31,0,
713,713,23,20,0,
714,714,21,21,0,
715,715,3,3,0,
716,716,11,2,0,
717,717,27,27,0,
718,718,2,2,36,
719,719,15,15,0,
720,720,28,28,0,
721,721,10,3,0,
722,722,3,3,11,
723,723,12,12,0,
724,724,14,4,0,
725,725,16,16,0,
726,726,22,22,0,
727,727,11,11,0,
728,728,24,23,0,
729,729,29,29,0,
730,730,20,20,0,
731,731,15,2,0,
732,732,23,23,0,
733,733,26,26,0,
734,734,31,31,0,
735,735,59,59,0,
736,736,25,25,0,
737,737,31,31,0,
738,738,14,14,0,
739,739,5,5,0,
740,740,50,45,0,
741,741,30,26,0,
742,742,44,44,0,
743,743,27,22,0,
744,744,24,24,0,
745,745,20,20,0,
746,746,29,29,0,
747,747,44,44,0,
748,748,28,28,0,
749,749,27,27,0,
750,750,28,28,0,
751,751,14,14,0,
752,752,21,17,0,
753,753,17,15,0,
754,754,8,8,0,
755,755,12,1,0,
756,756,11,3,0,
757,757,18,18,0,
758,758,25,23,0,
759,759,17,17,0,
760,760,7,7,0,
761,761,11,11,0,
762,762,21,21,0,
763,763,20,20,0,
764,764,14,1,0,
765,765,27,27,0,
766,766,14,10,0,
767,767,25,25,0,
768,768,20,20,0,
769,769,,,,
770,770,26,26,0,
771,771,10,10,0,
772,772,4,4,16,
773,773,14,14,0,
774,774,21,19,0,
775,775,12,12,0,
776,776,28,28,0,
777,777,27,27,0,
778,778,13,13,0,
779,779,38,30,0,
780,780,18,18,0,
781,781,23,23,0,
782,782,18,18,0,
783,783,3,2,0,
784,784,25,25,0,
785,785,6,5,0,
786,786,49,13,0,
787,787,30,30,0,
788,788,13,13,0,
789,789,20,20,0,
790,790,22,22,0,
791,791,16,3,0,
792,792,6,4,0,
793,793,5,1,0,
794,794,9,8,0,
795,795,25,2,0,
796,796,9,6,0,
797,797,22,22,0,
798,798,26,20,1,
799,799,22,21,0,
800,800,24,24,0,
801,801,4,4,0,
802,802,21,21,0,
803,803,7,1,0,
804,804,17,17,0,
805,805,44,27,0,
806,806,25,25,0,
807,807,31,31,0,
808,808,19,19,0,
809,809,25,25,0,
810,810,39,39,0,
811,811,21,21,0,
812,812,1,1,22,
813,813,41,2,0,
814,814,16,16,0,
815,815,13,13,0,
816,816,11,11,0,
817,817,24,1,0,
818,818,27,23,0,
819,819,20,2,0,
820,820,11,11,0,
821,821,15,15,0,
822,822,26,26,0,
823,823,23,23,0,
824,824,22,22,0,
825,825,18,5,0,
826,826,24,24,0,
827,827,32,32,0,
828,828,24,24,0,
829,829,14,12,0,
830,830,7,7,0,
831,831,21,21,0,
832,832,12,12,0,
833,833,,87,4,
834,834,21,2,0,
835,835,2,2,0,
836,836,23,13,0,
837,837,14,11,0,
838,838,23,3,0,
839,839,38,38,0,
840,840,42,7,0,
841,841,16,8,0,
842,842,19,18,0,
843,843,21,21,0,
844,844,19,19,0,
845,845,23,12,0,
846,846,4,4,0,
847,847,22,22,0,
848,848,26,25,0,
849,849,16,15,0,
850,850,3,1,0,
851,851,12,12,0,
852,852,2,2,0,
853,853,16,16,0,
854,854,53,53,0,
855,855,21,21,0,
856,856,12,12,0,
857,857,9,9,0,
858,858,13,13,0,
859,859,23,23,0,
860,860,8,8,0,
861,861,15,11,0,
862,862,27,27,0,
863,863,15,6,0,
864,864,10,10,0,
865,865,26,22,0,
866,866,15,15,0,
867,867,4,4,0,
868,868,25,25,0,
869,869,40,40,0,
870,870,48,43,0,
871,871,53,53,0,
872,872,2,2,0,
873,873,18,5,0,
874,874,50,50,0,
875,875,36,14,0,
876,876,13,13,0,
877,877,36,14,0,
878,878,19,1,0,
879,879,6,6,0,
880,880,6,2,2,
881,881,26,26,0,
882,882,11,11,0,
883,883,20,20,0,
884,884,5,3,0,
885,885,5,1,0,
886,886,3,3,0,
887,887,3,3,0,
888,888,26,10,0,
889,889,35,35,0,
890,890,54,0,0,
891,891,3,3,0,
892,892,43,41,0,
893,893,53,53,0,
894,894,18,18,0,
895,895,44,44,0,
896,896,25,25,0,
897,897,5,5,0,
898,898,25,0,0,
899,899,2,2,0,
900,900,25,20,0,
901,901,5,5,0,
902,902,26,13,0,
903,903,13,13,0,
904,904,22,22,0,
905,905,3,2,0,
906,906,20,20,0,
907,907,28,8,1,
908,908,29,23,0,
909,909,20,20,0,
910,910,30,25,0,
911,911,23,23,0,
912,912,9,5,3,
913,913,16,16,0,
914,914,18,1,0,
915,915,27,18,0,
916,916,9,9,0,
917,917,31,31,0,
918,918,9,5,0,
919,919,11,3,0,
920,920,12,12,0,
921,921,32,32,0,
922,922,31,31,0,
923,923,69,1,0,
924,924,21,12,0,
925,925,10,7,0,
926,926,14,14,0,
927,927,12,12,0,
928,928,2,2,0,
929,929,26,23,0,
930,930,4,4,0,
931,931,22,20,0,
932,932,5,5,0,
933,933,13,12,0,
934,934,30,30,0,
935,935,6,6,0,
936,936,15,14,0,
937,937,19,19,0,
938,938,15,15,0,
939,939,31,30,0,
940,940,32,32,0,
941,941,32,31,0,
942,942,10,10,0,
943,943,13,13,0,
944,944,2,2,0,
945,945,4,3,0,
946,946,4,4,1,
947,947,8,6,0,
948,948,43,43,0,
949,949,17,1,0,
950,950,12,8,0,
951,951,32,32,0,
952,952,16,16,0,
953,953,5,5,0,
954,954,26,25,0,
955,955,26,26,0,
956,956,24,18,0,
957,957,24,19,0,
958,958,52,52,0,
959,959,4,4,0,
960,960,2,2,0,
961,961,3,3,0,
962,962,26,25,0,
963,963,37,37,0,
964,964,13,13,0,
965,965,13,13,0,
966,966,45,19,0,
967,967,40,40,0,
968,968,13,13,0,
969,969,5,2,0,
970,970,13,13,0,
971,971,17,17,0,
972,972,23,3,0,
973,973,9,8,0,
974,974,21,21,0,
975,975,40,9,0,
976,976,7,7,0,
977,977,10,2,0,
978,978,30,30,0,
979,979,23,23,0,
980,980,33,33,0,
981,981,27,27,0,
982,982,32,32,0,
983,983,12,12,0,
984,984,30,14,0,
985,985,17,3,0,
986,986,2,2,0,
987,987,12,12,0,
988,988,30,30,0,
989,989,13,13,0,
990,990,20,20,0,
991,991,20,20,0,
992,992,6,5,0,
993,993,35,2,0,
994,994,6,6,0,
995,995,53,1,0,
996,996,14,3,0,
997,997,27,27,0,
998,998,16,16,0,
999,999,14,14,0,
1000,1000,23,23,0,
1001,1001,16,16,0,
1002,1002,16,16,0,
1003,1003,3,3,0,
1004,1004,15,15,0,
1005,1005,31,31,0,
1006,1006,13,13,0,
1007,1007,22,22,0,
1008,1008,27,27,0,
1009,1009,81,53,0,
1010,1010,33,33,0,
1011,1011,18,18,0,
1012,1012,45,45,0,
1013,1013,48,35,0,
1014,1014,32,2,4,
1015,1015,16,16,0,
1016,1016,36,5,0,
1017,1017,30,5,0,
1018,1018,34,34,0,
1019,1019,58,8,0,
1020,1020,24,24,0,
1021,1021,21,21,0,
1022,1022,20,5,0,
1023,1023,23,23,0,
1024,1024,24,24,0,
1025,1025,27,5,0,
1026,1026,4,4,0,
1027,1027,48,48,0,
1028,1028,55,55,0,
1029,1029,3,3,0,
1030,1030,35,34,0,
1031,1031,38,5,0,
1032,1032,46,28,0,
1033,1033,22,20,0,
1034,1034,9,9,0,
1035,1035,38,38,0,
1036,1036,40,17,0,
1037,1037,26,26,0,
1038,1038,23,6,0,
1039,1039,17,17,0,
1040,1040,8,8,0,
1041,1041,7,7,0,
1042,1042,16,16,0,
1043,1043,32,32,0,
1044,1044,14,14,0,
1045,1045,4,4,0,
1046,1046,44,44,0,
1047,1047,7,7,0,
1048,1048,5,5,0,
1049,1049,13,13,2,
1050,1050,4,4,0,
1051,1051,83,80,0,
1052,1052,15,15,0,
1053,1053,12,12,0,
1054,1054,3,3,0,
1055,1055,25,25,0,
1056,1056,35,35,0,
1057,1057,15,15,0,
1058,1058,16,16,0,
1059,1059,39,39,0,
1060,1060,2,1,0,
1061,1061,15,13,0,
1062,1062,65,28,0,
1063,1063,15,15,0,
1064,1064,52,46,0,
1065,1065,53,40,0,
1066,1066,58,58,0,
1067,1067,29,29,0,
1068,1068,23,23,0,
1069,1069,29,22,0,
1070,1070,22,22,0,
1071,1071,9,9,0,
1072,1072,26,25,0,
1073,1073,50,50,0,
1074,1074,26,26,0,
1075,1075,20,12,7,
1076,1076,12,12,0,
1077,1077,55,55,0,
1078,1078,23,16,0,
1079,1079,8,8,0,
1080,1080,26,26,0,
1081,1081,11,10,0,
1082,1082,10,10,0,
1083,1083,51,23,0,
1084,1084,7,4,0,
1085,1085,6,6,0,
1086,1086,29,28,0,
1087,1087,30,28,0,
1088,1088,48,48,0,
1089,1089,21,21,0,
1090,1090,52,52,0,
1091,1091,23,2,0,
1092,1092,21,21,0,
1093,1093,9,9,0,
1094,1094,3,3,0,
1095,1095,8,8,0,
1096,1096,7,5,0,
1097,1097,56,46,0,
1098,1098,21,21,0,
1099,1099,9,9,3,
1100,1100,31,31,0,
1101,1101,38,38,0,
1102,1102,18,2,0,
1103,1103,18,17,0,
1104,1104,12,12,0,
1105,1105,10,10,0,
1106,1106,28,7,0,
1107,1107,10,10,0,
1108,1108,17,14,0,
1109,1109,16,16,0,
1110,1110,20,20,0,
1111,1111,14,14,0,
1112,1112,29,29,0,
1113,1113,2,2,0,
1114,1114,25,16,0,
1115,1115,24,24,0,
1116,1116,27,27,0,
1117,1117,53,53,0,
1118,1118,10,10,0,
1119,1119,14,3,0,
1120,1120,20,11,2,
1121,1121,26,26,0,
1122,1122,22,22,0,
1123,1123,21,21,0,
1124,1124,16,16,0,
1125,1125,43,43,0,
1126,1126,11,11,0,
1127,1127,25,23,0,
1128,1128,32,2,0,
1129,1129,6,6,0,
1130,1130,10,10,0,
1131,1131,19,2,0,
1132,1132,3,3,0,
1133,1133,40,40,0,
1134,1134,14,14,0,
1135,1135,50,50,0,
1136,1136,3,3,0,
1137,1137,33,33,0,
1138,1138,36,36,0,
1139,1139,10,10,0,
1140,1140,7,7,0,
1141,1141,3,3,0,
1142,1142,37,37,0,
1143,1143,3,3,0,
1144,1144,7,7,0,
1145,1145,2,2,0,
1146,1146,5,5,0,
1147,1147,10,10,0,
1148,1148,50,50,0,
1149,1149,13,13,3,
1150,1150,3,3,0,
1151,1151,39,39,0,
1152,1152,28,22,0,
1153,1153,27,27,0,
1154,1154,8,8,0,
1155,1155,17,17,0,
1156,1156,12,12,0,
1157,1157,23,23,0,
1158,1158,12,12,0,
1159,1159,27,25,0,
1160,1160,29,1,0,
1161,1161,5,5,0,
1162,1162,17,16,0,
1163,1163,7,6,0,
1164,1164,21,13,0,
1165,1165,3,3,0,
1166,1166,3,3,0,
1167,1167,56,56,1,
1168,1168,22,22,0,
1169,1169,40,26,0,
1170,1170,4,4,0,
1171,1171,28,28,0,
1172,1172,3,3,0,
1173,1173,11,6,0,
1174,1174,23,23,0,
1175,1175,43,36,0,
1176,1176,23,23,7,
1177,1177,15,15,0,
1178,1178,17,17,,
1179,1179,63,29,4,
1180,1180,7,7,0,
1181,1181,31,31,0,
1182,1182,9,9,0,
1183,1183,16,3,0,
1184,1184,8,8,0,
1185,1185,38,38,0,
1186,1186,3,3,0,
1187,1187,15,15,,
1188,1188,4,4,0,
1189,1189,47,44,0,
1190,1190,21,17,0,
1191,1191,70,70,0,
1192,1192,12,12,0,
1193,1193,29,10,0,
1194,1194,2,2,3,
1195,1195,37,37,0,
1196,1196,4,4,0,
1197,1197,69,52,0,
1198,1198,29,29,0,
1199,1199,2,2,0,
1200,1200,50,50,0,
1201,1201,9,9,0,
1202,1202,29,11,0,
1203,1203,17,17,0,
1204,1204,22,5,0,
1205,1205,6,6,0,
1206,1206,18,1,0,
1207,1207,8,8,0,
1208,1208,11,11,0,
1209,1209,13,11,0,
1210,1210,27,1,0,
1211,1211,24,24,0,
1212,1212,57,7,0,
1213,1213,18,18,0,
1214,1214,4,2,0,
1215,1215,1,1,52,
1216,1216,46,46,0,
1217,1217,16,11,8,
1218,1218,3,3,0,
1219,1219,14,14,0,
1220,1220,28,14,0,
1221,1221,25,25,0,
1222,1222,16,16,0,
1223,1223,6,5,0,
1224,1224,19,19,0,
1225,1225,44,44,0,
1226,1226,20,20,0,
1227,1227,16,9,0,
1228,1228,52,52,0,
1229,1229,38,37,0,
1230,1230,18,18,0,
1231,1231,41,37,0,
1232,1232,115,87,0,
1233,1233,3,3,0,
1234,1234,5,3,0,
1235,1235,29,27,0,
1236,1236,10,2,0,
1237,1237,35,27,0,
1238,1238,10,10,0,
1239,1239,40,40,0,
1240,1240,26,26,0,
1241,1241,19,19,0,
1242,1242,39,39,0,
1243,1243,18,18,0,
1244,1244,20,5,0,
1245,1245,35,30,0,
1246,1246,46,46,0,
1247,1247,11,11,0,
1248,1248,2,2,0,
1249,1249,16,16,0,
1250,1250,8,8,0,
1251,1251,23,23,0,
1252,1252,35,35,0,
1253,1253,14,14,0,
1254,1254,13,13,0,
1255,1255,13,13,0,
1256,1256,4,4,0,
1257,1257,3,3,0,
1258,1258,25,7,0,
1259,1259,30,30,0,
1260,1260,10,8,0,
1261,1261,43,43,0,
1262,1262,10,10,0,
1263,1263,18,18,0,
1264,1264,19,2,0,
1265,1265,20,19,0,
1266,1266,34,0,2,
1267,1267,7,7,0,
1268,1268,14,11,0,
1269,1269,34,34,0,
1270,1270,17,17,0,
1271,1271,129,129,0,
1272,1272,58,58,0,
1273,1273,46,44,0,
1274,1274,21,21,0,
1275,1275,2,1,0,
1276,1276,42,4,0,
1277,1277,25,1,0,
1278,1278,23,14,0,
1279,1279,2,2,0,
1280,1280,42,42,0,
1281,1281,21,21,0,
1282,1282,3,3,0,
1283,1283,2,1,0,
1284,1284,28,28,0,
1285,1285,21,5,0,
1286,1286,41,25,0,
1287,1287,44,44,0,
1288,1288,7,2,0,
1289,1289,21,21,0,
1290,1290,27,2,0,
1291,1291,19,19,0,
1292,1292,28,28,0,
1293,1293,10,10,0,
1294,1294,33,23,0,
1295,1295,14,13,0,
1296,1296,44,1,0,
1297,1297,15,9,0,
1298,1298,21,21,0,
1299,1299,10,4,0,
1300,1300,17,16,0,
1301,1301,35,35,0,
1302,1302,21,21,0,
1303,1303,1,1,6,
1304,1304,16,16,0,
1305,1305,15,15,0,
1306,1306,3,3,0,
1307,1307,35,35,0,
1308,1308,16,10,0,
1309,1309,10,10,0,
1310,1310,3,3,0,
1311,1311,9,9,0,
1312,1312,20,20,0,
1313,1313,40,33,0,
1314,1314,2,2,0,
1315,1315,18,18,0,
1316,1316,18,18,0,
1317,1317,25,25,0,
1318,1318,4,4,0,
1319,1319,21,21,0,
1320,1320,36,36,1,
1321,1321,16,16,0,
1322,1322,23,16,0,
1323,1323,25,25,0,
1324,1324,11,5,0,
1325,1325,28,3,0,
1326,1326,19,19,0,
1327,1327,4,1,0,
1328,1328,3,3,0,
1329,1329,4,4,0,
1330,1330,9,3,0,
1331,1331,20,20,0,
1332,1332,18,10,0,
1333,1333,2,2,0,
1334,1334,30,30,0,
1335,1335,3,3,0,
1336,1336,55,47,0,
1337,1337,19,12,0,
1338,1338,21,21,0,
1339,1339,3,3,0,
1340,1340,27,26,0,
1341,1341,56,28,0,
1342,1342,30,6,0,
1343,1343,4,3,0,
1344,1344,21,21,0,
1345,1345,42,42,0,
1346,1346,42,42,0,
1347,1347,8,3,0,
1348,1348,24,24,0,
1349,1349,7,2,0,
1350,1350,28,28,0,
1351,1351,4,4,0,
1352,1352,2,2,0,
1353,1353,32,26,0,
1354,1354,28,10,0,
1355,1355,36,28,0,
1356,1356,45,45,0,
1357,1357,17,17,0,
1358,1358,18,18,0,
1359,1359,15,15,0,
1360,1360,39,0,0,
1361,1361,5,5,0,
1362,1362,10,10,0,
1363,1363,13,13,0,
1364,1364,29,29,0,
1365,1365,16,16,0,
1366,1366,26,1,0,
1367,1367,21,5,0,
1368,1368,26,26,0,
1369,1369,8,8,0,
1370,1370,35,13,0,
1371,1371,66,66,0,
1372,1372,23,4,0,
1373,1373,2,2,0,
1374,1374,3,3,0,
1375,1375,19,19,0,
1376,1376,14,12,0,
1377,1377,20,20,0,
1378,1378,13,4,0,
1379,1379,2,2,0,
1380,1380,3,3,0,
1381,1381,24,16,0,
1382,1382,18,18,0,
1383,1383,22,22,0,
1384,1384,43,22,0,
1385,1385,58,58,0,
1386,1386,30,30,0,
1387,1387,25,25,0,
1388,1388,66,66,0,
1389,1389,13,13,0,
1390,1390,3,2,0,
1391,1391,9,9,0,
1392,1392,33,3,0,
1393,1393,16,16,0,
1394,1394,6,2,0,
1395,1395,47,15,0,
1396,1396,5,3,0,
1397,1397,35,19,0,
1398,1398,66,66,0,
1399,1399,29,7,0,
1400,1400,44,44,0,
1401,1401,74,28,0,
1402,1402,14,14,0,
1403,1403,11,10,0,
1404,1404,10,10,0,
1405,1405,6,6,0,
1406,1406,2,2,0,
1407,1407,26,26,0,
1408,1408,17,17,0,
1409,1409,2,1,0,
1410,1410,18,4,0,
1411,1411,26,22,0,
1412,1412,3,3,0,
1413,1413,2,2,0,
1414,1414,3,2,0,
1415,1415,40,40,0,
1416,1416,50,50,0,
1417,1417,64,52,0,
1418,1418,19,19,0,
1419,1419,3,3,0,
1420,1420,21,2,0,
1421,1421,3,1,0,
1422,1422,3,3,0,
1423,1423,18,18,0,
1424,1424,36,22,0,
1425,1425,38,5,0, the analysis having been made under conditions of urgency and within an extremely short period of time available for decision.
1426,1426,6,6,0,
1427,1427,12,3,0,
1428,1428,54,2,0,
1429,1429,33,14,1,
1430,1430,2,2,13,
1431,1431,31,30,0,
1432,1432,74,74,0,
1433,1433,45,32,0,
1434,1434,128,128,0,
1435,1435,35,1,0,
1436,1436,66,46,0,
1437,1437,18,18,0,
1438,1438,20,12,0,
1439,1439,22,15,0,
1440,1440,57,1,0,
1441,1441,18,0,0,
1442,1442,5,5,0,
1443,1443,59,59,0,
1444,1444,31,0,0,
1445,1445,3,3,0,
1446,1446,23,23,0,
1447,1447,80,5,0,
1448,1448,12,2,0,
1449,1449,25,25,0,
1450,1450,2,2,0,
1451,1451,36,36,0,
1452,1452,23,23,0,
1453,1453,35,34,8,
1454,1454,25,25,0,
1455,1455,16,14,0,
1456,1456,62,62,0,
1457,1457,5,5,0,
1458,1458,30,3,0,
1459,1459,21,21,0,
1460,1460,37,11,0,
1461,1461,10,1,0,
1462,1462,33,17,1,
1463,1463,16,16,0,
1464,1464,70,2,0,
1465,1465,6,5,3,
1466,1466,101,21,0,
1467,1467,159,22,0,
1468,1468,5,5,0,
1469,1469,22,18,2,
1470,1470,15,15,0,
1471,1471,20,20,2,
1472,1472,25,24,0,
1473,1473,19,19,0,
1474,1474,67,67,0,
1475,1475,40,40,0,
1476,1476,34,34,0,
1477,1477,30,26,0,
1478,1478,3,3,1,
1479,1479,24,24,0,
1480,1480,,1,0,
1481,1481,35,34,0,
1482,1482,3,1,0,
1483,1483,37,37,0,
1484,1484,16,16,0,
1485,1485,3,2,0,
1486,1486,2,2,3,
1487,1487,13,9,0,
1488,1488,9,9,0,
1489,1489,3,3,0,
1490,1490,18,14,0,
1491,1491,24,24,0,
1492,1492,68,58,0,
1493,1493,16,1,0,
1494,1494,79,79,0,
1495,1495,23,23,0,
1496,1496,8,8,0,
1497,1497,12,12,0,
1498,1498,8,8,0,
1499,1499,24,12,0,
1500,1500,35,1,0,
1501,1501,3,3,0,
1502,1502,27,27,0,
1503,1503,7,7,0,
1504,1504,21,21,0,
1505,1505,3,3,0,
1506,1506,15,15,0,
1507,1507,44,44,0,
1508,1508,4,4,0,
1509,1509,58,43,0,
1510,1510,4,4,0,
1511,1511,61,61,0,
1512,1512,3,3,0,
1513,1513,12,2,0,
1514,1514,4,4,0,
1515,1515,23,19,0,
1516,1516,51,9,0,
1517,1517,3,3,0,
1518,1518,11,11,0,
1519,1519,67,5,0,
1520,1520,38,21,2,
1521,1521,49,47,1,
1522,1522,44,23,0,
1523,1523,15,15,0,
1524,1524,22,22,0,
1525,1525,42,35,0,
1526,1526,26,26,0,
1527,1527,26,8,0,
1528,1528,4,4,0,
1529,1529,20,20,0,
1530,1530,24,9,0,
1531,1531,18,18,0,
1532,1532,14,3,0,
1533,1533,47,47,0,
1534,1534,32,32,0,
1535,1535,16,16,0,
1536,1536,49,49,0,
1537,1537,65,61,0,
1538,1538,11,11,0,
1539,1539,5,4,0,
1540,1540,15,15,0,
1541,1541,4,4,0,
1542,1542,57,1,0,
1543,1543,45,45,0,
1544,1544,3,1,0,
1545,1545,27,19,0,
1546,1546,7,7,0,
1547,1547,15,15,0,
1548,1548,3,3,0,
1549,1549,54,36,0,
1550,1550,33,33,0,
1551,1551,10,10,0,
1552,1552,99,99,0,
1553,1553,34,24,0,
1554,1554,64,64,0,
1555,1555,17,17,0,
1556,1556,3,3,4,
1557,1557,19,19,0,
1558,1558,18,13,0,
1559,1559,16,13,0,
1560,1560,8,8,0,
1561,1561,15,15,0,
1562,1562,5,5,0,
1563,1563,19,19,0,
1564,1564,23,23,0,
1565,1565,20,20,0,
1566,1566,80,80,0,
1567,1567,29,11,0,
1568,1568,31,31,0,
1569,1569,20,17,0,
1570,1570,8,8,0,
1571,1571,3,3,0,
1572,1572,36,36,0,
1573,1573,2,2,0,
1574,1574,21,21,0,
1575,1575,12,9,0,
1576,1576,70,3,0,
1577,1577,37,21,0,
1578,1578,18,5,1,
1579,1579,5,5,0,
1580,1580,10,10,0,
1581,1581,39,36,0,
1582,1582,2,2,0,
1583,1583,52,51,0,
1584,1584,4,4,0,
1585,1585,15,10,0,
1586,1586,6,2,0,
1587,1587,28,3,0,
1588,1588,4,4,0,
1589,1589,73,65,0,
1590,1590,24,14,0,
1591,1591,5,5,0,
1592,1592,27,24,0,
1593,1593,19,15,0,
1594,1594,7,5,0,
1595,1595,18,1,0,
1596,1596,9,9,0,
1597,1597,24,24,0,
1598,1598,2,2,0,
1599,1599,26,26,0,
1600,1600,12,12,0,
1601,1601,28,28,0,
1602,1602,5,5,0,
1603,1603,44,2,0,
1604,1604,31,31,0,
1605,1605,12,12,0,
1606,1606,10,10,0,
1607,1607,8,8,0,
1608,1608,60,60,0,
1609,1609,14,14,0,
1610,1610,68,68,0,
1611,1611,1,0,17,
1612,1612,6,6,0,
1613,1613,3,2,0,
1614,1614,5,5,0,
1615,1615,32,32,0,
1616,1616,50,2,0,
1617,1617,2,2,0,
1618,1618,16,1,0,
1619,1619,3,3,0,
1620,1620,20,20,0,
1621,1621,65,53,0,
1622,1622,16,16,0,
1623,1623,34,34,0,
1624,1624,19,1,1,
1625,1625,18,18,0,
1626,1626,27,26,0,
1627,1627,5,5,0,
1628,1628,42,42,0,
1629,1629,40,40,0,
1630,1630,3,3,8,
1631,1631,26,25,0,
1632,1632,45,45,0,
1633,1633,29,29,0,
1634,1634,3,3,0,
1635,1635,2,2,0,
1636,1636,33,33,10,
1637,1637,2,1,0,
1638,1638,11,11,0,
1639,1639,9,9,0,
1640,1640,34,34,0,
1641,1641,10,10,0,
1642,1642,50,50,0,
1643,1643,42,42,0,
1644,1644,61,61,0,
1645,1645,46,37,0,
1646,1646,9,9,0,
1647,1647,59,59,0,
1648,1648,61,61,0,
1649,1649,52,34,0,
1650,1650,32,32,0,
1651,1651,13,6,0,
1652,1652,33,3,0,
1653,1653,63,63,0,
1654,1654,46,25,0,
1655,1655,18,2,0,
1656,1656,22,10,0,
1657,1657,18,18,0,
1658,1658,9,9,0,
1659,1659,51,37,0,
1660,1660,44,4,0,
1661,1661,35,35,0,
1662,1662,13,13,0,
1663,1663,12,12,0,
1664,1664,31,31,0,
1665,1665,10,10,0,
1666,1666,4,4,0,
1667,1667,29,29,0,
1668,1668,14,14,0,
1669,1669,54,54,0,
1670,1670,21,18,0,
1671,1671,16,16,0,
1672,1672,18,18,0,
1673,1673,58,1,0,
1674,1674,11,1,0,
1675,1675,41,37,0,
1676,1676,13,13,0,
1677,1677,34,1,0,
1678,1678,6,6,0,
1679,1679,35,35,0,
1680,1680,20,20,0,
1681,1681,3,3,0,
1682,1682,63,63,0,
1683,1683,94,80,0,
1684,1684,29,29,0,
1685,1685,37,31,0,
1686,1686,18,8,0,
1687,1687,21,21,0,
1688,1688,72,62,0,
1689,1689,11,11,0,
1690,1690,2,2,0,
1691,1691,3,3,0,
1692,1692,12,12,0,
1693,1693,48,22,0,
1694,1694,4,4,0,
1695,1695,37,37,0,
1696,1696,33,33,0,
1697,1697,15,15,0,
1698,1698,31,31,0,
1699,1699,24,24,0,
1700,1700,78,78,0,
1701,1701,22,22,0,
1702,1702,128,128,6,
1703,1703,20,20,31,
1704,1704,37,28,0,
1705,1705,10,10,0,
1706,1706,25,25,0,
1707,1707,106,4,0,
1708,1708,22,6,3,
1709,1709,21,21,0,
1710,1710,23,23,0,
1711,1711,6,6,0,
1712,1712,26,26,0,
1713,1713,72,72,1,
1714,1714,12,12,0,
1715,1715,28,23,0,
1716,1716,52,52,0,
1717,1717,13,13,0,
1718,1718,61,61,0,
1719,1719,36,20,0,
1720,1720,7,1,0,
1721,1721,35,24,0,
1722,1722,85,1,0,
1723,1723,122,17,1,
1724,1724,72,72,0,
1725,1725,67,67,0,
1726,1726,6,6,0,
1727,1727,27,27,3,
1728,1728,39,39,0,
1729,1729,6,6,0,
1730,1730,6,1,0,
1731,1731,78,78,0,
1732,1732,19,5,0,
1733,1733,2,2,0,
1734,1734,14,14,0,
1735,1735,83,83,0,
1736,1736,77,77,0,
1737,1737,16,16,0,
1738,1738,37,37,0,
1739,1739,29,28,0,
1740,1740,34,34,0,
1741,1741,37,17,0,
1742,1742,10,2,0,
1743,1743,45,45,0,
1744,1744,79,77,0,
1745,1745,3,3,0,
1746,1746,52,52,0,
1747,1747,35,21,0,
1748,1748,15,15,0,
1749,1749,3,3,0,
1750,1750,13,13,8,
1751,1751,2,2,0,
1752,1752,34,27,0,
1753,1753,5,1,0,
1754,1754,6,6,0,
1755,1755,13,13,0,
1756,1756,18,18,0,
1757,1757,23,23,0,
1758,1758,2,2,0,
1759,1759,95,95,0,
1760,1760,111,111,0,
1761,1761,7,2,0,
1762,1762,11,11,0,
1763,1763,5,5,0,
1764,1764,15,15,0,
1765,1765,7,1,0,
1766,1766,107,107,0,
1767,1767,11,11,0,
1768,1768,22,22,0,
1769,1769,31,31,0,
1770,1770,40,40,0,
1771,1771,18,18,0,
1772,1772,18,12,0,
1773,1773,32,32,0,
1774,1774,25,23,0,
1775,1775,21,15,0,
1776,1776,3,3,0,
1777,1777,13,13,0,
1778,1778,26,26,0,
1779,1779,45,45,0,
1780,1780,132,130,0,
1781,1781,5,5,0,
1782,1782,112,112,0,
1783,1783,81,81,0,
1784,1784,84,84,0,
1785,1785,14,14,0,
1786,1786,94,94,0,
1787,1787,6,6,0,
1788,1788,3,1,0,
1789,1789,9,9,0,
1790,1790,26,26,0,
1791,1791,40,27,0,
1792,1792,81,81,0,
1793,1793,8,4,0,
1794,1794,10,10,0,
1795,1795,105,15,0,
1796,1796,32,20,0,
1797,1797,9,9,0,
1798,1798,86,86,0,
1799,1799,12,12,1,
1800,1800,13,13,0,
1801,1801,34,11,0,
1802,1802,44,44,0,
1803,1803,4,4,0,
1804,1804,8,8,0,
1805,1805,76,28,0,
1806,1806,19,2,0,
1807,1807,3,3,0,
1808,1808,8,8,0,
1809,1809,52,1,0,
1810,1810,10,10,0,
1811,1811,27,27,0,
1812,1812,4,4,0,
1813,1813,18,18,0,
1814,1814,37,23,0,
1815,1815,21,21,0,
1816,1816,26,26,0,
1817,1817,97,97,0,
1818,1818,51,25,0,
1819,1819,26,24,0,
1820,1820,50,50,0,
1821,1821,5,5,3,
1822,1822,33,33,0,
1823,1823,12,12,,
1824,1824,40,1,0,
1825,1825,18,1,0,
1826,1826,25,25,0,
1827,1827,2,2,0,
1828,1828,6,5,0,
1829,1829,45,13,7,
1830,1830,3,3,0,
1831,1831,2,1,0,
1832,1832,8,8,0,
1833,1833,14,14,0,
1834,1834,17,17,87,
1835,1835,8,3,0,
1836,1836,7,7,0,
1837,1837,43,43,0,
1838,1838,26,0,1,
1839,1839,27,27,0,
1840,1840,4,4,0,
1841,1841,4,4,0,
1842,1842,41,41,0,
1843,1843,18,18,0,
1844,1844,10,10,0,
1845,1845,43,31,0,
1846,1846,11,11,0,
1847,1847,12,12,0,
1848,1848,55,55,0,
1849,1849,50,37,0,
1850,1850,34,34,0,
1851,1851,101,101,0,
1852,1852,29,29,0,
1853,1853,20,20,0,
1854,1854,31,31,0,
1855,1855,20,19,0,
1856,1856,47,38,0,
1857,1857,47,38,0,
1858,1858,18,15,0,
1859,1859,43,7,0,
1860,1860,23,23,0,
1861,1861,35,35,0,
1862,1862,12,6,0,
1863,1863,6,6,0,
1864,1864,63,63,0,
1865,1865,13,13,0,
1866,1866,20,20,1,
1867,1867,2,1,0,
1868,1868,19,19,0,
1869,1869,52,0,0,
1870,1870,16,16,0,
1871,1871,80,80,0,
1872,1872,40,40,0,
1873,1873,18,18,0,
1874,1874,10,10,0,
1875,1875,6,6,0,
1876,1876,6,6,0,
1877,1877,31,31,0,
1878,1878,5,5,0,
1879,1879,7,7,0,
1880,1880,24,22,0,
1881,1881,118,118,0,
1882,1882,3,3,0,
1883,1883,81,81,0,
1884,1884,3,3,0,
1885,1885,6,6,0,
1886,1886,46,0,0,
1887,1887,30,28,0,
1888,1888,2,2,0,
1889,1889,3,3,0,
1890,1890,10,10,0,
1891,1891,29,2,0,
1892,1892,4,4,0,
1893,1893,4,4,0,
1894,1894,13,13,0,
1895,1895,32,31,0,
1896,1896,22,22,0,
1897,1897,2,2,0,
1898,1898,58,58,0,
1899,1899,42,20,0,
1900,1900,83,83,0,
1901,1901,85,85,0,
1902,1902,28,28,0,
1903,1903,30,1,0,
1904,1904,3,3,0,
1905,1905,5,5,0,
1906,1906,3,3,0,
1907,1907,45,45,0,
1908,1908,9,9,0,
1909,1909,15,15,0,
1910,1910,49,49,0,
1911,1911,2,2,0,
1912,1912,44,44,0,
1913,1913,10,10,0,
1914,1914,49,46,0,
1915,1915,84,79,0,
1916,1916,11,11,0,
1917,1917,3,3,0,
1918,1918,3,3,0,
1919,1919,2,2,0,
1920,1920,5,2,0,
1921,1921,57,57,0,
1922,1922,28,1,0,
1923,1923,5,5,0,
1924,1924,53,1,0,
1925,1925,73,50,0,
1926,1926,39,39,0,
1927,1927,3,3,0,
1928,1928,76,0,0,
1929,1929,2,2,0,
1930,1930,3,3,0,
1931,1931,2,2,0,
1932,1932,4,4,0,
1933,1933,87,87,0,
1934,1934,39,39,0,
1935,1935,34,28,0,
1936,1936,2,2,0,
1937,1937,80,80,0,
1938,1938,7,1,0,
1939,1939,32,32,0,
1940,1940,2,2,0,
1941,1941,33,33,0,
1942,1942,5,5,0,
1943,1943,29,29,0,
1944,1944,10,10,0,
1945,1945,3,3,0,
1946,1946,14,6,0,
1947,1947,5,4,0,
1948,1948,17,17,0,
1949,1949,38,38,0,
1950,1950,39,1,0,
1951,1951,23,1,0,
1952,1952,3,3,0,
1953,1953,5,5,0,
1954,1954,4,4,0,
1955,1955,3,3,0,
1956,1956,2,2,0,
1957,1957,17,17,22,
1958,1958,10,10,0,
1959,1959,10,10,0,
1960,1960,4,4,0,
1961,1961,87,87,0,
1962,1962,84,84,0,
1963,1963,2,2,0,
1964,1964,2,2,0,
1965,1965,2,2,0,
1966,1966,7,7,0,
1967,1967,12,10,0,
1968,1968,25,25,0,
1969,1969,8,8,0,
1970,1970,28,28,0,
1971,1971,16,16,0,
1972,1972,26,22,0,
1973,1973,53,50,0,
1974,1974,2,2,0,
1975,1975,54,54,0,
1976,1976,27,26,0,
1977,1977,2,2,0,
1978,1978,5,5,0,
1979,1979,49,30,0,
1980,1980,125,119,0,
1981,1981,18,18,0,
1982,1982,85,85,0,
1983,1983,153,0,0,
1984,1984,66,0,0,
1985,1985,4,4,0,
1986,1986,41,41,0,
1987,1987,31,30,0,
1988,1988,52,52,0,
1989,1989,19,16,0,
1990,1990,12,8,0,
1991,1991,11,11,0,
1992,1992,37,37,0,
1993,1993,7,7,0,
1994,1994,13,13,0,
1995,1995,30,30,0,
1996,1996,4,4,0,
1997,1997,72,59,0,
1998,1998,5,4,0,
1999,1999,11,11,0,
2000,2000,17,17,0,
2001,2001,11,9,0,
2002,2002,39,38,0,
2003,2003,30,30,0,
2004,2004,10,10,0,
2005,2005,19,19,0,
2006,2006,8,8,0,
2007,2007,13,13,0,
2008,2008,37,1,0,
2009,2009,36,36,0,
2010,2010,30,30,0,
2011,2011,68,68,0,
2012,2012,30,30,0,
2013,2013,62,58,0,
2014,2014,32,32,0,
2015,2015,91,43,0,
2016,2016,2,2,0,
2017,2017,8,8,0,
2018,2018,13,13,0,
2019,2019,112,4,0,
2020,2020,8,8,0,
2021,2021,32,32,0,
2022,2022,85,85,0,
2023,2023,2,2,0,
2024,2024,21,2,0,
2025,2025,3,3,0,
2026,2026,34,34,0,
2027,2027,64,56,0,
2028,2028,35,30,0,
2029,2029,117,117,0,
2030,2030,46,46,0,
2031,2031,3,3,0,
2032,2032,46,46,0,
2033,2033,133,133,0,
2034,2034,37,37,0,
2035,2035,2,2,0,
2036,2036,80,2,0,
2037,2037,4,4,0,
2038,2038,72,64,0,
2039,2039,3,3,0,
2040,2040,124,124,0,
2041,2041,6,6,0,
2042,2042,7,6,0,
2043,2043,5,5,0,
2044,2044,30,30,0,
2045,2045,2,2,0,
2046,2046,2,2,0,
2047,2047,11,11,0,
2048,2048,2,2,0,
2049,2049,98,83,0,
2050,2050,49,49,0,
2051,2051,20,20,0,
2052,2052,2,2,0,
2053,2053,11,11,1,
2054,2054,3,3,0,
2055,2055,2,2,0,
2056,2056,12,2,0,
2057,2057,4,4,0,
2058,2058,26,24,0,
2059,2059,5,2,0,
2060,2060,4,4,0,
2061,2061,3,3,0,
2062,2062,42,42,0,
2063,2063,24,24,0,
2064,2064,6,6,0,
2065,2065,4,4,0,
2066,2066,6,6,0,
2067,2067,1,0,33,
2068,2068,16,1,0,
2069,2069,9,9,0,
2070,2070,117,98,0,
2071,2071,4,4,0,
2072,2072,27,1,0,
2073,2073,24,24,0,
2074,2074,2,2,0,
2075,2075,18,18,0,
2076,2076,32,14,0,
2077,2077,11,11,0,
2078,2078,38,38,0,
2079,2079,6,6,0,
2080,2080,2,2,0,
2081,2081,3,3,0,
2082,2082,19,19,0,
2083,2083,50,50,0,
2084,2084,3,3,0,
2085,2085,3,3,0,
2086,2086,30,30,0,
2087,2087,82,82,0,
2088,2088,25,25,0,
2089,2089,11,9,0,
2090,2090,21,21,0,
2091,2091,59,17,0,
2092,2092,4,4,107,
2093,2093,29,29,0,
2094,2094,9,9,0,
2095,2095,3,3,0,
2096,2096,10,10,0,
2097,2097,3,3,0,
2098,2098,2,2,0,
2099,2099,19,1,0,
2100,2100,25,21,0,
2101,2101,2,2,0,
2102,2102,30,30,0,
2103,2103,10,10,0,
2104,2104,4,4,0,
2105,2105,2,2,0,
2106,2106,63,22,0,
2107,2107,55,4,0,
2108,2108,20,12,0,
2109,2109,90,51,5,
2110,2110,38,38,0,
2111,2111,6,4,7,
2112,2112,26,26,0,
2113,2113,25,25,0,
2114,2114,4,4,0,
2115,2115,5,4,0,
2116,2116,25,25,0,
2117,2117,2,2,0,
2118,2118,2,2,0,
2119,2119,6,6,13,
2120,2120,2,2,0,
2121,2121,5,5,0,
2122,2122,9,9,0,
2123,2123,15,15,44,
2124,2124,39,35,0,
2125,2125,23,23,0,
2126,2126,130,126,0,
2127,2127,15,14,0,
2128,2128,18,17,0,
2129,2129,21,19,0,
2130,2130,12,12,0,
2131,2131,14,3,0,
2132,2132,4,4,0,
2133,2133,16,16,0,
2134,2134,4,4,0,
2135,2135,3,3,0,
2136,2136,88,88,0,
2137,2137,84,72,0,
2138,2138,10,10,0,
2139,2139,18,17,0,
2140,2140,2,2,0,
2141,2141,4,3,2,
2142,2142,25,20,0,
2143,2143,11,11,0,
2144,2144,56,35,0,
2145,2145,3,3,0,
2146,2146,7,7,0,
2147,2147,34,34,0,
2148,2148,35,22,0,
2149,2149,17,16,0,
2150,2150,80,24,0,
2151,2151,21,21,0,
2152,2152,42,42,0,
2153,2153,82,82,0,
2154,2154,16,16,0,
2155,2155,18,18,0,
2156,2156,7,7,0,
2157,2157,11,11,0,
2158,2158,11,11,0,
2159,2159,69,37,0,
2160,2160,8,3,0,
2161,2161,23,23,0,
2162,2162,3,2,0,
2163,2163,66,66,0,
2164,2164,4,4,0,
2165,2165,16,16,0,
2166,2166,2,2,0,
2167,2167,37,37,0,
2168,2168,127,1,0,
2169,2169,36,1,0,
2170,2170,130,130,0,
2171,2171,82,70,0,
2172,2172,5,5,0,
2173,2173,3,3,0,
2174,2174,26,26,0,
2175,2175,12,10,0,
2176,2176,72,72,0,
2177,2177,8,7,0,
2178,2178,3,2,0,
2179,2179,6,2,0,
2180,2180,13,13,0,
2181,2181,2,2,0,
2182,2182,31,4,0,
2183,2183,51,44,0,
2184,2184,6,6,0,
2185,2185,4,3,0,
2186,2186,5,2,0,
2187,2187,42,42,0,
2188,2188,19,19,0,
2189,2189,4,4,0,
2190,2190,12,12,0,
2191,2191,13,13,0,
2192,2192,16,15,0,
2193,2193,12,12,0,
2194,2194,61,1,1,
2195,2195,98,98,0,
2196,2196,63,21,1,
2197,2197,3,3,0,
2198,2198,37,37,0,
2199,2199,82,82,0,
2200,2200,63,63,0,
2201,2201,49,49,0,
2202,2202,14,14,0,
2203,2203,20,19,0,
2204,2204,2,2,0,
2205,2205,5,3,0,
2206,2206,61,61,0,
2207,2207,51,2,0,
2208,2208,2,2,0,
2209,2209,12,12,0,
2210,2210,127,5,0,
2211,2211,36,36,0,
2212,2212,4,4,0,
2213,2213,18,18,0,
2214,2214,11,11,0,
2215,2215,26,26,0,
2216,2216,128,123,0,
2217,2217,5,5,0,
2218,2218,5,5,0,
2219,2219,22,22,0,
2220,2220,85,85,0,
2221,2221,11,11,0,
2222,2222,155,155,0,
2223,2223,4,4,0,
2224,2224,23,23,0,
2225,2225,29,29,1,
2226,2226,4,3,0,
2227,2227,63,6,0,
2228,2228,6,6,0,
2229,2229,120,120,0,
2230,2230,29,29,0,
2231,2231,27,1,0,
2232,2232,8,6,0,
2233,2233,4,4,0,
2234,2234,11,11,0,
2235,2235,7,7,0,
2236,2236,3,3,0,
2237,2237,5,5,0,
2238,2238,10,10,0,
2239,2239,3,3,0,
2240,2240,95,13,0,
2241,2241,15,3,0,
2242,2242,48,48,0,
2243,2243,37,35,0,
2244,2244,3,3,0,
2245,2245,21,21,0,
2246,2246,40,40,0,
2247,2247,7,4,0,
2248,2248,2,0,0,
2249,2249,6,5,0,
2250,2250,89,47,0,
2251,2251,9,2,0,
2252,2252,95,95,0,
2253,2253,52,11,0,
2254,2254,57,57,1,
2255,2255,3,3,0,
2256,2256,13,13,11,
2257,2257,25,25,0,
2258,2258,4,4,0,
2259,2259,10,10,0,
2260,2260,3,2,0,
2261,2261,40,11,0,
2262,2262,10,10,0,
2263,2263,19,19,0,
2264,2264,23,23,0,
2265,2265,42,32,0,
2266,2266,8,7,0,
2267,2267,107,0,0,
2268,2268,9,9,0,
2269,2269,28,26,0,
2270,2270,5,2,0,
2271,2271,39,39,0,
2272,2272,11,3,0,
2273,2273,3,3,0,
2274,2274,51,51,0,
2275,2275,47,20,0,
2276,2276,4,2,0,
2277,2277,3,3,0,
2278,2278,12,12,0,
2279,2279,45,27,1,
2280,2280,12,12,0,
2281,2281,5,1,0,
2282,2282,26,26,0,
2283,2283,26,26,0,
2284,2284,24,24,0,
2285,2285,2,2,0,
2286,2286,65,50,2,
2287,2287,28,11,0,
2288,2288,24,24,0,
2289,2289,45,15,0,
2290,2290,12,12,0,
2291,2291,38,38,0,
2292,2292,13,13,0,
2293,2293,10,10,0,
2294,2294,14,13,0,
2295,2295,35,35,0,
2296,2296,36,36,0,
2297,2297,19,19,0,
2298,2298,84,84,70,
2299,2299,3,3,0,
2300,2300,105,100,0,
2301,2301,27,16,0,
2302,2302,2,2,0,
2303,2303,53,53,0,
2304,2304,78,24,0,
2305,2305,21,1,0,
2306,2306,31,31,0,
2307,2307,45,45,0,
2308,2308,9,9,0,
2309,2309,44,44,0,
2310,2310,33,1,0,
2311,2311,18,18,0,
2312,2312,11,11,0,
2313,2313,11,11,0,
2314,2314,74,30,0,
2315,2315,2,2,0,
2316,2316,6,6,0,
2317,2317,36,1,0,
2318,2318,79,79,0,
2319,2319,3,3,0,
2320,2320,19,19,0,
2321,2321,2,2,0,
2322,2322,14,14,0,
2323,2323,14,14,0,
2324,2324,35,35,0,
2325,2325,2,2,0,
2326,2326,14,3,0,
2327,2327,4,4,0,
2328,2328,13,1,0,
2329,2329,5,5,0,
2330,2330,37,33,0,
2331,2331,3,3,0,
2332,2332,4,4,0,
2333,2333,3,3,0,
2334,2334,13,13,0,
2335,2335,1,1,0,
2336,2336,112,16,0,
2337,2337,62,62,0,
2338,2338,8,8,0,
2339,2339,3,3,0,
2340,2340,35,35,0,
2341,2341,16,4,4,
2342,2342,28,28,0,
2343,2343,83,83,0,
2344,2344,47,45,0,
2345,2345,21,20,0,
2346,2346,15,4,0,
2347,2347,76,74,2,
2348,2348,118,27,0,
2349,2349,74,74,0,
2350,2350,5,5,0,
2351,2351,26,26,0,
2352,2352,5,5,0,
2353,2353,4,2,0,
2354,2354,2,2,0,
2355,2355,9,9,0,
2356,2356,14,14,0,
2357,2357,87,87,0,
2358,2358,90,90,0,
2359,2359,3,3,0,
2360,2360,1,0,14,
2361,2361,77,10,24,
2362,2362,19,15,0,
2363,2363,4,2,0,
2364,2364,10,5,0,
2365,2365,27,23,0,
2366,2366,32,32,0,
2367,2367,28,28,0,
2368,2368,2,2,0,
2369,2369,19,19,0,
2370,2370,23,1,0,
2371,2371,34,34,0,
2372,2372,9,9,0,
2373,2373,11,11,0,
2374,2374,37,37,0,
2375,2375,22,21,0,
2376,2376,92,92,0,
2377,2377,5,5,0,
2378,2378,12,12,2,
2379,2379,102,102,0,
2380,2380,4,4,0,
2381,2381,17,17,0,
2382,2382,47,47,0,
2383,2383,11,11,0,
2384,2384,40,38,0,
2385,2385,31,23,0,
2386,2386,11,3,0,
2387,2387,6,6,0,
2388,2388,82,61,0,
2389,2389,45,45,0,
2390,2390,3,3,0,
2391,2391,10,10,0,
2392,2392,36,36,0,
2393,2393,19,19,0,
2394,2394,11,8,0,
2395,2395,63,23,0,
2396,2396,14,13,0,
2397,2397,30,5,0,
2398,2398,33,1,0,
2399,2399,6,6,0,
2400,2400,11,11,0,
2401,2401,6,6,0,
2402,2402,6,6,0,
2403,2403,33,1,5,
2404,2404,13,13,0,
2405,2405,44,1,0,
2406,2406,8,5,0,
2407,2407,27,5,0,
2408,2408,112,112,0,
2409,2409,109,109,0,
2410,2410,23,23,0,
2411,2411,7,7,0,
2412,2412,4,4,0,
2413,2413,37,37,0,
2414,2414,10,10,0,
2415,2415,30,30,0,
2416,2416,100,99,2,
2417,2417,31,14,0,
2418,2418,32,30,0,
2419,2419,39,39,0,
2420,2420,10,3,0,
2421,2421,37,37,0,
2422,2422,22,22,0,
2423,2423,11,11,0,
2424,2424,1,1,0,
2425,2425,4,4,0,
2426,2426,34,8,0,
2427,2427,38,38,0,
2428,2428,8,8,0,
2429,2429,40,30,0,
2430,2430,43,43,0,
2431,2431,2,2,0,
2432,2432,11,3,0,
2433,2433,3,3,0,
2434,2434,2,2,0,
2435,2435,4,2,0,
2436,2436,75,75,0,
2437,2437,18,18,0,
2438,2438,229,47,0,
2439,2439,79,79,0,
2440,2440,44,42,0,
2441,2441,4,4,0,
2442,2442,16,5,0,
2443,2443,27,18,0,
2444,2444,25,25,0,
2445,2445,55,2,0,
2446,2446,35,7,0,
2447,2447,31,31,0,
2448,2448,93,93,0,
2449,2449,16,16,0,
2450,2450,21,2,0,
2451,2451,47,45,0,
2452,2452,21,21,0,
2453,2453,35,35,0,
2454,2454,13,13,0,
2455,2455,8,8,0,
2456,2456,60,2,0,
2457,2457,48,18,0,
2458,2458,7,7,0,
2459,2459,3,3,0,
2460,2460,12,12,0,
2461,2461,15,15,0,
2462,2462,5,5,0,
2463,2463,64,64,0,
2464,2464,40,39,0,
2465,2465,2,2,0,
2466,2466,8,8,0,
2467,2467,4,4,0,
2468,2468,12,12,0,
2469,2469,35,5,0,
2470,2470,4,2,0,
2471,2471,83,78,0,
2472,2472,11,11,0,
2473,2473,6,6,0,
2474,2474,34,32,0,
2475,2475,42,10,0,
2476,2476,51,50,0,
2477,2477,31,28,0,
2478,2478,24,24,0,
2479,2479,6,6,0,
2480,2480,24,17,0,
2481,2481,68,68,0,
2482,2482,3,3,0,
2483,2483,6,6,0,
2484,2484,4,4,0,
2485,2485,126,97,0,
2486,2486,164,163,0,
2487,2487,218,0,0,
2488,2488,39,37,0,
2489,2489,100,100,0,
2490,2490,2,2,0,
2491,2491,37,37,0,
2492,2492,8,3,0,
2493,2493,31,21,0,
2494,2494,111,111,0,
2495,2495,121,22,0,
2496,2496,5,5,0,
2497,2497,5,5,0,
2498,2498,49,49,0,
2499,2499,32,32,0,
2500,2500,63,63,0,
2501,2501,20,20,0,
2502,2502,10,10,0,
2503,2503,6,6,0,
2504,2504,22,20,0,
2505,2505,16,16,0,
2506,2506,31,31,0,
2507,2507,8,4,0,
2508,2508,52,52,0,
2509,2509,69,69,0,
2510,2510,47,47,0,
2511,2511,25,25,0,
2512,2512,34,34,0,
2513,2513,57,57,0,
2514,2514,29,2,0,
2515,2515,47,47,0,
2516,2516,73,28,0,
2517,2517,92,91,0,
2518,2518,23,23,0,
2519,2519,104,104,0,
2520,2520,3,3,0,
2521,2521,8,1,0,
2522,2522,20,20,0,
2523,2523,39,39,0,
2524,2524,28,27,0,
2525,2525,9,6,0,
2526,2526,38,1,0,
2527,2527,2,2,0,
2528,2528,19,19,0,
2529,2529,23,23,0,
2530,2530,2,2,0,
2531,2531,7,5,0,
2532,2532,4,4,0,
2533,2533,8,8,0,
2534,2534,48,16,1,
2535,2535,5,5,0,
2536,2536,112,112,0,
2537,2537,22,22,0,
2538,2538,14,14,0,
2539,2539,2,2,0,
2540,2540,25,25,0,
2541,2541,18,18,0,
2542,2542,3,3,0,
2543,2543,107,43,0,
2544,2544,6,6,0,
2545,2545,10,4,0,
2546,2546,6,6,0,
2547,2547,18,18,0,
2548,2548,115,115,0,
2549,2549,7,7,0,
2550,2550,34,34,0,
2551,2551,9,9,0,
2552,2552,25,22,0,
2553,2553,13,8,0,
2554,2554,11,11,0,
2555,2555,18,9,0,
2556,2556,4,4,0,
2557,2557,2,2,0,
2558,2558,2,2,0,
2559,2559,14,14,0,
2560,2560,32,32,0,
2561,2561,3,3,0,
2562,2562,47,47,0,
2563,2563,87,82,4,
2564,2564,81,81,0,
2565,2565,5,5,0,
2566,2566,15,12,0,
2567,2567,122,122,0,
2568,2568,118,118,0,
2569,2569,20,5,0,
2570,2570,3,3,0,
2571,2571,13,13,0,
2572,2572,8,7,0,
2573,2573,5,2,0,
2574,2574,86,3,0,
2575,2575,10,10,0,
2576,2576,67,52,0,
2577,2577,19,19,0,
2578,2578,84,1,0,
2579,2579,38,38,0,
2580,2580,44,30,0,
2581,2581,18,18,0,
2582,2582,156,156,0,
2583,2583,31,26,0,
2584,2584,34,34,0,
2585,2585,29,25,0,
2586,2586,101,101,0,
2587,2587,4,4,0,
2588,2588,8,1,0,
2589,2589,11,11,0,
2590,2590,31,31,0,
2591,2591,1,0,22,
2592,2592,13,10,0,
2593,2593,6,1,0,
2594,2594,9,9,0,
2595,2595,109,109,0,
2596,2596,2,2,0,
2597,2597,174,174,0,
2598,2598,45,29,0,
2599,2599,4,4,0,
2600,2600,53,37,0,
2601,2601,8,1,0,
2602,2602,68,60,0,
2603,2603,27,27,0,
2604,2604,22,22,0,
2605,2605,35,35,0,
2606,2606,11,11,0,
2607,2607,76,62,0,
2608,2608,2,2,0,
2609,2609,155,155,0,
2610,2610,6,6,0,
2611,2611,12,12,0,
2612,2612,3,3,0,
2613,2613,26,26,0,
2614,2614,4,4,0,
2615,2615,61,43,2,
2616,2616,2,2,1,
2617,2617,133,10,0,
2618,2618,16,14,0,
2619,2619,13,13,0,
2620,2620,45,40,0,
2621,2621,176,103,0,
2622,2622,5,5,0,
2623,2623,5,5,0,
2624,2624,4,4,0,
2625,2625,44,44,0,
2626,2626,202,176,0,
2627,2627,4,3,0,
2628,2628,3,3,0,
2629,2629,37,37,0,
2630,2630,2,2,0,
2631,2631,100,66,0,
2632,2632,5,5,0,
2633,2633,28,22,0,
2634,2634,113,110,0,
2635,2635,2,2,0,
2636,2636,79,79,0,
2637,2637,32,32,0,
2638,2638,15,15,0,
2639,2639,18,18,0,
2640,2640,13,13,0,
2641,2641,25,25,0,
2642,2642,3,3,0,
2643,2643,182,68,0,
2644,2644,4,4,0,
2645,2645,3,3,0,
2646,2646,5,5,0,
2647,2647,62,62,0,
2648,2648,145,108,0,
2649,2649,17,16,0,
2650,2650,16,15,0,
2651,2651,19,4,0,
2652,2652,6,6,0,
2653,2653,4,4,0,
2654,2654,5,2,0,
2655,2655,100,100,0,
2656,2656,11,11,0,
2657,2657,4,4,0,
2658,2658,65,48,0,
2659,2659,23,23,0,
2660,2660,6,6,8,
2661,2661,4,2,0,
2662,2662,27,27,0,
2663,2663,84,5,3,
2664,2664,134,123,0,
2665,2665,79,78,0,
2666,2666,44,38,0,
2667,2667,5,5,0,
2668,2668,89,89,0,
2669,2669,5,5,0,
2670,2670,119,119,0,
2671,2671,85,85,5,
2672,2672,10,10,0,
2673,2673,64,56,0,
2674,2674,17,16,0,
2675,2675,42,42,0,
2676,2676,25,24,0,
2677,2677,149,1,0,
2678,2678,5,4,0,
2679,2679,6,6,0,
2680,2680,4,4,0,
2681,2681,41,41,0,
2682,2682,6,6,0,
2683,2683,2,2,0,
2684,2684,3,3,0,
2685,2685,11,11,0,
2686,2686,9,9,0,
2687,2687,108,108,0,
2688,2688,10,10,0,
2689,2689,8,8,0,
2690,2690,65,8,0,
2691,2691,4,4,0,
2692,2692,7,2,0,
2693,2693,16,6,0,
2694,2694,128,1,0,
2695,2695,3,3,0,
2696,2696,27,27,0,
2697,2697,72,13,0,
2698,2698,8,8,0,
2699,2699,10,10,0,
2700,2700,51,51,0,
2701,2701,177,30,0,
2702,2702,2,2,0,
2703,2703,9,6,0,
2704,2704,20,20,0,
2705,2705,106,106,0,
2706,2706,17,17,0,
2707,2707,25,1,0,
2708,2708,42,38,0,
2709,2709,4,4,0,
2710,2710,17,12,0,
2711,2711,24,24,0,
2712,2712,31,31,0,
2713,2713,24,24,0,
2714,2714,14,14,0,
2715,2715,4,4,0,
2716,2716,2,2,0,
2717,2717,73,66,0,
2718,2718,3,3,0,
2719,2719,4,4,0,
2720,2720,101,96,0,
2721,2721,298,1,0,
2722,2722,40,35,0,
2723,2723,2,2,0,
2724,2724,15,1,0,
2725,2725,7,7,0,
2726,2726,10,10,0,
2727,2727,346,346,0,
2728,2728,18,18,0,
2729,2729,4,4,0,
2730,2730,36,36,0,
2731,2731,96,15,0,
2732,2732,84,78,0,
2733,2733,11,11,0,
2734,2734,107,107,0,
2735,2735,115,1,0,
2736,2736,118,118,0,
2737,2737,12,6,0,
2738,2738,24,22,0,
2739,2739,3,3,0,
2740,2740,3,3,0,
2741,2741,29,29,0,
2742,2742,2,2,0,
2743,2743,44,44,0,
2744,2744,39,19,0,
2745,2745,5,5,0,
2746,2746,3,3,0,
2747,2747,5,5,0,
2748,2748,11,5,0,
2749,2749,9,9,0,
2750,2750,60,47,0,
2751,2751,27,27,0,
2752,2752,4,4,0,
2753,2753,49,48,0,
2754,2754,7,7,0,
2755,2755,31,31,0,
2756,2756,39,35,0,
2757,2757,88,88,0,
2758,2758,82,70,0,
2759,2759,75,75,0,
2760,2760,5,5,0,
2761,2761,2,2,0,
2762,2762,6,6,0,
2763,2763,2,2,0,
2764,2764,3,3,0,
2765,2765,6,6,0,
2766,2766,6,6,0,
2767,2767,8,5,0,
2768,2768,8,1,0,
2769,2769,2,2,0,
2770,2770,4,2,0,
2771,2771,3,2,0,
2772,2772,3,3,0,
2773,2773,4,4,0,
2774,2774,2,2,0,
2775,2775,34,32,0,
2776,2776,3,3,0,
2777,2777,4,4,0,
2778,2778,8,1,0,
2779,2779,24,2,0,
2780,2780,157,59,0,
2781,2781,4,4,0,
2782,2782,3,3,0,
2783,2783,92,92,0,
2784,2784,191,191,0,
2785,2785,5,5,0,
2786,2786,54,54,0,
2787,2787,7,7,0,
2788,2788,77,77,0,
2789,2789,6,4,0,
2790,2790,33,33,0,
2791,2791,61,61,0,
2792,2792,9,9,0,
2793,2793,4,3,0,
2794,2794,12,12,0,
2795,2795,21,21,0,
2796,2796,14,14,0,
2797,2797,5,5,0,
2798,2798,9,9,0,
2799,2799,16,16,0,
2800,2800,42,42,0,
2801,2801,30,1,0,
2802,2802,2,2,0,
2803,2803,16,5,0,
2804,2804,33,32,0,
2805,2805,40,40,0,
2806,2806,3,3,0,
2807,2807,5,5,0,
2808,2808,15,15,0,
2809,2809,4,2,0,
2810,2810,26,26,0,
2811,2811,55,55,0,
2812,2812,6,5,0,
2813,2813,16,16,0,
2814,2814,330,155,0,
2815,2815,3,3,0,
2816,2816,4,2,0,
2817,2817,6,3,0,
2818,2818,2,2,0,
2819,2819,6,6,0,
2820,2820,23,23,0,
2821,2821,64,1,0,
2822,2822,15,1,3,
2823,2823,124,113,0,
2824,2824,2,2,0,
2825,2825,3,3,0,
2826,2826,8,8,0,
2827,2827,10,10,0,
2828,2828,4,2,0,
2829,2829,2,2,0,
2830,2830,4,4,0,
2831,2831,41,41,0,
2832,2832,6,6,0,
2833,2833,76,28,0,
2834,2834,188,188,0,
2835,2835,20,20,0,
2836,2836,131,0,0,
2837,2837,28,28,0,
2838,2838,128,126,0,
2839,2839,4,2,0,
2840,2840,20,20,0,
2841,2841,32,10,0,
2842,2842,34,26,0,
2843,2843,9,1,0,
2844,2844,61,25,1,
2845,2845,60,60,0,
2846,2846,7,7,0,
2847,2847,4,4,0,
2848,2848,11,11,0,
2849,2849,2,2,0,
2850,2850,67,67,0,
2851,2851,120,75,0,
2852,2852,9,9,0,
2853,2853,4,4,0,
2854,2854,22,15,0,
2855,2855,19,19,0,
2856,2856,6,6,5,
2857,2857,48,3,0,
2858,2858,20,20,0,
2859,2859,6,6,0,
2860,2860,2,2,0,
2861,2861,9,9,0,
2862,2862,9,9,0,
2863,2863,82,82,0,
2864,2864,61,61,0,
2865,2865,6,6,0,
2866,2866,4,4,0,
2867,2867,7,7,0,
2868,2868,13,13,0,
2869,2869,3,3,0,
2870,2870,10,7,0,
2871,2871,42,34,0,
2872,2872,40,40,0,
2873,2873,11,9,0,
2874,2874,6,6,0,
2875,2875,2,2,0,
2876,2876,3,3,0,
2877,2877,7,7,0,
2878,2878,4,3,0,
2879,2879,6,3,0,
2880,2880,24,24,0,
2881,2881,11,5,0,
2882,2882,9,6,0,
2883,2883,22,19,0,
2884,2884,120,120,7,
2885,2885,4,4,0,
2886,2886,2,2,0,
2887,2887,5,5,0,
2888,2888,16,5,0,
2889,2889,50,1,0,
2890,2890,7,7,0,
2891,2891,2,2,0,
2892,2892,34,34,0,
2893,2893,6,6,0,
2894,2894,12,12,0,
2895,2895,5,5,0,
2896,2896,88,37,0,
2897,2897,11,11,0,
2898,2898,10,4,0,
2899,2899,50,50,0,
2900,2900,17,17,0,
2901,2901,52,52,0,
2902,2902,6,6,0,
2903,2903,87,14,3,
2904,2904,46,46,0,
2905,2905,45,45,1,
2906,2906,12,12,0,
2907,2907,2,2,0,
2908,2908,258,7,0,
2909,2909,17,17,0,
2910,2910,5,5,0,
2911,2911,3,2,0,
2912,2912,79,76,0,
2913,2913,4,3,0,
2914,2914,5,5,0,
2915,2915,33,11,0,
2916,2916,59,59,0,
2917,2917,3,3,0,
2918,2918,6,6,0,
2919,2919,27,23,0,
2920,2920,18,18,0,
2921,2921,20,1,0,
2922,2922,68,68,0,
2923,2923,10,10,0,
2924,2924,90,90,0,
2925,2925,176,176,0,
2926,2926,154,154,0,
2927,2927,19,1,0,
2928,2928,4,4,0,
2929,2929,20,15,0,
2930,2930,4,4,0,
2931,2931,73,73,0,
2932,2932,4,4,0,
2933,2933,95,95,0,
2934,2934,3,3,113,
2935,2935,4,4,0,
2936,2936,32,32,0,
2937,2937,6,2,0,
2938,2938,38,29,0,
2939,2939,2,2,0,
2940,2940,5,5,0,
2941,2941,6,6,0,
2942,2942,72,72,0,
2943,2943,2,2,0,
2944,2944,10,3,0,
2945,2945,55,48,0,
2946,2946,53,53,19,
2947,2947,6,6,0,
2948,2948,19,19,0,
2949,2949,4,4,0,
2950,2950,96,96,0,
2951,2951,5,5,0,
2952,2952,12,12,0,
2953,2953,22,22,0,
2954,2954,2,1,0,
2955,2955,6,6,0,
2956,2956,5,5,0,
2957,2957,77,77,0,
2958,2958,10,4,0,
2959,2959,21,20,0,
2960,2960,44,44,0,
2961,2961,4,2,0,
2962,2962,3,3,0,
2963,2963,5,5,0,
2964,2964,644,583,0,
2965,2965,23,15,0,
2966,2966,27,8,0,
2967,2967,85,62,8,
2968,2968,35,35,0,
2969,2969,21,21,0,
2970,2970,28,28,0,
2971,2971,54,54,0,
2972,2972,9,9,0,
2973,2973,6,6,0,
2974,2974,25,4,1,
2975,2975,70,68,1,
2976,2976,3,3,0,
2977,2977,18,18,0,
2978,2978,15,5,0,
2979,2979,16,16,0,
2980,2980,7,6,0,
2981,2981,30,30,0,
2982,2982,5,5,0,
2983,2983,4,1,0,
2984,2984,82,38,0,
2985,2985,40,25,0,
2986,2986,5,5,0,
2987,2987,2,2,0,
2988,2988,6,6,0,
2989,2989,4,4,0,
2990,2990,4,4,0,
2991,2991,3,3,0,
2992,2992,3,3,0,
2993,2993,2,2,0,
2994,2994,4,4,0,
2995,2995,3,3,0,
2996,2996,33,33,0,
2997,2997,13,13,0,
2998,2998,19,19,0,
2999,2999,4,4,0,
3000,3000,20,20,0,
3001,3001,53,29,0,
3002,3002,6,6,0,
3003,3003,79,34,0,
3004,3004,7,7,0,
3005,3005,2,2,0,
3006,3006,26,6,0,
3007,3007,37,24,0,
3008,3008,,1,0,
3009,3009,13,13,0,
3010,3010,164,131,0,
3011,3011,5,5,0,
3012,3012,2,2,0,
3013,3013,79,46,0,
3014,3014,34,34,0,
3015,3015,2,2,0,
3016,3016,165,59,0,
3017,3017,100,100,0,
3018,3018,19,17,0,
3019,3019,23,17,0,
3020,3020,13,13,0,
3021,3021,29,29,0,
3022,3022,2,2,0,
3023,3023,57,36,0,
3024,3024,3,3,0,
3025,3025,10,5,0,
3026,3026,8,8,0,
3027,3027,2,2,0,
3028,3028,10,10,0,
3029,3029,24,24,0,
3030,3030,213,213,0,
3031,3031,2,2,0,
3032,3032,2,2,0,
3033,3033,14,14,0,
3034,3034,14,2,0,
3035,3035,44,44,0,
3036,3036,17,17,0,
3037,3037,49,42,0,
3038,3038,4,4,0,
3039,3039,3,3,0,
3040,3040,7,7,0,
3041,3041,200,2,0,
3042,3042,6,2,0,
3043,3043,18,18,0,
3044,3044,47,47,0,
3045,3045,2,2,0,
3046,3046,2,2,0,
3047,3047,73,73,0,
3048,3048,6,6,0,
3049,3049,48,48,0,
3050,3050,4,4,0,
3051,3051,6,3,0,
3052,3052,9,2,0,
3053,3053,109,2,0,
3054,3054,9,9,0,
3055,3055,10,10,0,
3056,3056,12,8,0,
3057,3057,6,6,0,
3058,3058,58,3,0,
3059,3059,13,13,0,
3060,3060,134,4,0,
3061,3061,10,10,0,
3062,3062,107,2,0,
3063,3063,18,18,0,
3064,3064,11,5,0,
3065,3065,18,18,0,
3066,3066,12,12,0,
3067,3067,6,6,0,
3068,3068,14,14,0,
3069,3069,10,10,0,
3070,3070,11,4,0,
3071,3071,13,11,0,
3072,3072,17,15,0,
3073,3073,56,38,0,
3074,3074,6,6,0,
3075,3075,21,18,0,
3076,3076,3,3,0,
3077,3077,28,21,12,
3078,3078,3,3,0,
3079,3079,3,3,0,
3080,3080,137,137,7,
3081,3081,6,6,0,
3082,3082,15,15,0,
3083,3083,44,2,0,
3084,3084,38,38,0,
3085,3085,7,2,0,
3086,3086,11,11,0,
3087,3087,26,26,0,
3088,3088,4,4,0,
3089,3089,9,9,0,
3090,3090,18,18,0,
3091,3091,2,2,0,
3092,3092,262,183,0,
3093,3093,2,2,0,
3094,3094,20,15,0,
3095,3095,77,77,1,
3096,3096,27,27,0,
3097,3097,5,5,0,
3098,3098,3,3,0,
3099,3099,22,2,0,
3100,3100,10,10,0,
3101,3101,132,1,3,
3102,3102,2,2,0,
3103,3103,7,2,0,
3104,3104,129,108,0,
3105,3105,10,10,0,
3106,3106,189,10,0,
3107,3107,5,5,0,
3108,3108,13,13,0,
3109,3109,3,3,0,
3110,3110,6,4,0,
3111,3111,23,14,0,
3112,3112,6,5,0,
3113,3113,3,3,0,
3114,3114,18,18,0,
3115,3115,25,2,0,
3116,3116,59,59,0,
3117,3117,4,2,0,
3118,3118,5,5,0,
3119,3119,3,3,0,
3120,3120,3,3,0,
3121,3121,8,8,0,
3122,3122,4,4,0,
3123,3123,4,4,0,
3124,3124,7,3,0,
3125,3125,64,45,0,
3126,3126,12,12,32,
3127,3127,106,86,0,
3128,3128,29,29,0,
3129,3129,5,4,0,
3130,3130,7,2,0,
3131,3131,10,10,0,
3132,3132,24,17,0,
3133,3133,3,3,0,
3134,3134,11,1,0,
3135,3135,18,3,0,
3136,3136,57,57,0,
3137,3137,4,4,0,
3138,3138,271,271,2,
3139,3139,9,7,0,
3140,3140,3,3,0,
3141,3141,12,12,0,
3142,3142,18,17,0,
3143,3143,27,27,0,
3144,3144,2,2,0,
3145,3145,10,1,0,
3146,3146,61,61,0,
3147,3147,7,7,0,
3148,3148,9,9,0,
3149,3149,3,3,0,
3150,3150,6,6,0,
3151,3151,21,8,0,
3152,3152,47,17,0,
3153,3153,3,1,0,
3154,3154,14,14,0,
3155,3155,45,45,0,
3156,3156,6,6,0,
3157,3157,3,3,0,
3158,3158,5,5,0,
3159,3159,178,178,0,
3160,3160,1,1,3,
3161,3161,16,11,0,
3162,3162,63,63,0,
3163,3163,9,9,0,
3164,3164,43,40,0,
3165,3165,10,10,0,
3166,3166,6,6,0,
3167,3167,12,12,0,
3168,3168,31,31,0,
3169,3169,9,4,0,
3170,3170,5,5,0,
3171,3171,16,2,0,
3172,3172,3,3,0,
3173,3173,8,8,0,
3174,3174,156,14,0,
3175,3175,4,4,0,
3176,3176,2,2,0,
3177,3177,10,10,0,
3178,3178,10,10,0,
3179,3179,88,72,1,
3180,3180,3,3,0,
3181,3181,7,5,0,
3182,3182,3,3,0,
3183,3183,78,0,0,
3184,3184,5,3,0,
3185,3185,3,3,0,
3186,3186,4,3,0,
3187,3187,156,156,0,
3188,3188,257,257,0,
3189,3189,9,9,0,
3190,3190,4,4,0,
3191,3191,7,7,0,
3192,3192,11,10,0,
3193,3193,19,19,0,
3194,3194,29,29,0,
3195,3195,45,41,0,
3196,3196,15,15,0,
3197,3197,9,9,0,
3198,3198,2,2,0,
3199,3199,128,128,0,
3200,3200,13,13,0,
3201,3201,44,43,0,
3202,3202,37,1,0,
3203,3203,13,13,0,
3204,3204,7,6,0,
3205,3205,47,46,1,
3206,3206,135,2,0,
3207,3207,87,87,0,
3208,3208,18,18,0,
3209,3209,10,7,0,
3210,3210,14,14,0,
3211,3211,9,6,0,
3212,3212,9,9,0,
3213,3213,58,55,0,
3214,3214,7,5,0,
3215,3215,146,146,0,
3216,3216,53,44,0,
3217,3217,7,7,0,
3218,3218,3,3,0,
3219,3219,70,70,0,
3220,3220,2,2,0,
3221,3221,11,11,0,
3222,3222,13,13,0,
3223,3223,29,29,0,
3224,3224,15,13,0,
3225,3225,29,29,0,
3226,3226,2,2,0,
3227,3227,81,81,0,
3228,3228,13,13,0,
3229,3229,166,166,0,
3230,3230,8,8,0,
3231,3231,8,8,0,
3232,3232,3,3,0,
3233,3233,7,3,0,
3234,3234,9,2,0,
3235,3235,13,13,0,
3236,3236,168,1,0,
3237,3237,3,3,0,
3238,3238,4,4,0,
3239,3239,291,2,0,
3240,3240,11,11,0,
3241,3241,301,301,0,
3242,3242,37,37,0,
3243,3243,8,8,0,
3244,3244,3,3,0,
3245,3245,34,34,0,
3246,3246,36,36,0,
3247,3247,89,89,0,
3248,3248,36,36,0,
3249,3249,3,3,0,
3250,3250,45,45,0,
3251,3251,3,3,0,
3252,3252,11,11,0,
3253,3253,13,13,0,
3254,3254,4,4,0,
3255,3255,226,15,0,
3256,3256,20,20,0,
3257,3257,2,2,0,
3258,3258,10,10,0,
3259,3259,4,4,0,
3260,3260,4,4,0,
3261,3261,2,2,0,
3262,3262,50,50,0,
3263,3263,9,7,0,
3264,3264,3,2,0,
3265,3265,52,52,0,
3266,3266,4,4,0,
3267,3267,8,8,0,
3268,3268,8,2,0,
3269,3269,14,11,0,
3270,3270,3,2,0,
3271,3271,24,23,0,
3272,3272,2,2,0,
3273,3273,18,18,0,
3274,3274,24,6,0,
3275,3275,52,1,0,
3276,3276,4,4,0,
3277,3277,8,8,0,
3278,3278,7,7,0,
3279,3279,2,1,0,
3280,3280,19,15,0,
3281,3281,17,15,0,
3282,3282,21,21,0,
3283,3283,31,31,0,
3284,3284,4,4,0,
3285,3285,20,20,0,
3286,3286,18,18,0,
3287,3287,27,27,0,
3288,3288,3,2,0,
3289,3289,17,17,0,
3290,3290,52,52,0,
3291,3291,2,2,0,
3292,3292,12,2,0,
3293,3293,3,3,0,
3294,3294,5,5,0,
3295,3295,4,4,0,
3296,3296,50,50,0,
3297,3297,4,4,0,
3298,3298,19,19,0,
3299,3299,9,4,0,
3300,3300,66,30,0,
3301,3301,6,6,0,
3302,3302,110,110,0,
3303,3303,32,31,0,
3304,3304,34,3,0,
3305,3305,22,21,0,
3306,3306,33,33,0,
3307,3307,68,7,0,
3308,3308,0,0,40,
3309,3309,60,60,20,
3310,3310,3,3,0,
3311,3311,17,17,0,
3312,3312,9,9,0,
3313,3313,5,5,0,
3314,3314,24,1,0,
3315,3315,18,18,0,
3316,3316,4,4,0,
3317,3317,167,99,0,
3318,3318,10,10,0,
3319,3319,3,3,0,
3320,3320,180,180,0,
3321,3321,12,11,0,
3322,3322,4,4,0,
3323,3323,4,2,0,
3324,3324,,12,0,
3325,3325,13,13,0,
3326,3326,9,7,0,
3327,3327,6,4,0,
3328,3328,18,18,0,
3329,3329,2,2,0,
3330,3330,79,74,4,
3331,3331,73,73,0,
3332,3332,212,2,0,
3333,3333,7,7,0,
3334,3334,35,35,0,
3335,3335,53,53,0,
3336,3336,23,23,0,
3337,3337,174,24,0,
3338,3338,32,3,0,
3339,3339,4,4,0,
3340,3340,12,1,0,
3341,3341,15,15,0,
3342,3342,257,0,0,
3343,3343,132,132,0,
3344,3344,3,3,0,
3345,3345,27,27,0,
3346,3346,27,27,0,
3347,3347,21,21,0,
3348,3348,3,3,0,
3349,3349,27,27,0,
3350,3350,112,112,0,
3351,3351,2,2,0,
3352,3352,13,13,0,
3353,3353,49,47,0,
3354,3354,7,7,0,
3355,3355,30,21,0,
3356,3356,118,2,0,
3357,3357,10,10,0,
3358,3358,53,53,0,
3359,3359,137,137,0,
3360,3360,44,44,0,
3361,3361,111,17,0,
3362,3362,12,12,0,
3363,3363,90,90,0,
3364,3364,145,145,8,
3365,3365,30,4,0,
3366,3366,4,4,0,
3367,3367,1,0,3,
3368,3368,4,4,0,
3369,3369,2,2,0,
3370,3370,,1,0,
3371,3371,8,8,0,
3372,3372,11,11,0,
3373,3373,20,20,0,
3374,3374,10,10,0,
3375,3375,9,9,0,
3376,3376,44,44,0,
3377,3377,10,10,0,
3378,3378,46,46,0,
3379,3379,394,50,0,
3380,3380,5,4,0,
3381,3381,5,5,0,
3382,3382,6,4,0,
3383,3383,77,7,0,
3384,3384,8,8,0,
3385,3385,15,15,0,
3386,3386,2,2,0,
3387,3387,15,15,0,
3388,3388,22,22,0,
3389,3389,5,3,0,
3390,3390,2,2,0,
3391,3391,88,84,0,
3392,3392,8,8,0,
3393,3393,46,46,0,
3394,3394,2,2,0,
3395,3395,10,10,0,
3396,3396,16,16,0,
3397,3397,69,25,0,
3398,3398,33,1,0,
3399,3399,3,3,0,
3400,3400,10,10,0,
3401,3401,67,47,0,
3402,3402,6,6,0,
3403,3403,2,2,0,
3404,3404,11,11,0,
3405,3405,19,19,0,
3406,3406,50,23,0,
3407,3407,4,4,0,
3408,3408,2,2,0,
3409,3409,8,8,0,
3410,3410,3,2,0,
3411,3411,9,8,9,
3412,3412,21,21,0,
3413,3413,14,14,0,
3414,3414,14,11,0,
3415,3415,100,8,0,
3416,3416,15,14,0,
3417,3417,30,30,0,
3418,3418,172,0,0,
3419,3419,61,3,0,
3420,3420,46,23,0,
3421,3421,47,47,0,
3422,3422,14,14,0,
3423,3423,7,7,0,
3424,3424,5,2,0,
3425,3425,6,6,0,
3426,3426,23,23,0,
3427,3427,119,119,0,
3428,3428,26,20,0,
3429,3429,69,0,0,
3430,3430,11,7,0,
3431,3431,2,2,0,
3432,3432,2,2,0,
3433,3433,10,10,0,
3434,3434,7,7,0,
3435,3435,12,12,0,
3436,3436,90,90,0,
3437,3437,269,269,0,
3438,3438,9,9,0,
3439,3439,106,11,0,
3440,3440,112,112,0,
3441,3441,2,2,0,
3442,3442,10,10,0,
3443,3443,9,9,0,
3444,3444,4,4,0,
3445,3445,15,7,0,
3446,3446,14,9,0,
3447,3447,10,10,0,
3448,3448,30,1,0,
3449,3449,130,130,0,
3450,3450,7,4,0,
3451,3451,8,8,0,
3452,3452,192,181,0,
3453,3453,72,53,0,
3454,3454,135,93,0,
3455,3455,4,4,0,
3456,3456,3,3,22,
3457,3457,12,2,0,
3458,3458,49,44,0,
3459,3459,13,13,0,
3460,3460,2,1,0,
3461,3461,50,50,0,
3462,3462,3,1,0,
3463,3463,9,6,0,
3464,3464,47,4,0,
3465,3465,3,3,0,
3466,3466,38,26,0,
3467,3467,28,28,0,
3468,3468,2,2,0,
3469,3469,7,7,0,
3470,3470,12,12,0,
3471,3471,177,0,0,
3472,3472,18,18,0,
3473,3473,3,3,0,
3474,3474,6,4,0,
3475,3475,23,23,0,
3476,3476,29,29,0,
3477,3477,5,5,0,
3478,3478,6,6,0,
3479,3479,4,4,0,
3480,3480,35,19,0,
3481,3481,2,2,19,
3482,3482,12,12,0,
3483,3483,4,4,0,
3484,3484,3,3,0,
3485,3485,3,3,0,
3486,3486,18,18,0,
3487,3487,9,9,0,
3488,3488,30,30,0,
3489,3489,9,9,0,
3490,3490,4,4,0,
3491,3491,14,1,0,
3492,3492,5,5,0,
3493,3493,9,9,0,
3494,3494,49,49,0,
3495,3495,24,24,0,
3496,3496,9,9,0,
3497,3497,3,3,0,
3498,3498,3,2,0,
3499,3499,2,2,0,
3500,3500,17,17,0,
3501,3501,116,2,0,
3502,3502,11,9,0,
3503,3503,6,1,0,
3504,3504,30,30,0,
3505,3505,26,11,0,
3506,3506,4,4,49,
3507,3507,50,50,0,
3508,3508,2,2,0,
3509,3509,3,3,0,
3510,3510,7,7,0,
3511,3511,179,174,4,
3512,3512,4,4,0,
3513,3513,20,20,0,
3514,3514,240,240,0,
3515,3515,4,4,0,
3516,3516,1,1,0,
3517,3517,14,14,0,
3518,3518,10,10,0,
3519,3519,13,13,0,
3520,3520,19,19,0,
3521,3521,4,4,0,
3522,3522,21,21,0,
3523,3523,23,15,0,
3524,3524,110,110,0,
3525,3525,29,29,0,
3526,3526,3,3,0,
3527,3527,41,38,0,
3528,3528,38,38,0,
3529,3529,3,3,0,
3530,3530,71,70,0,
3531,3531,21,21,0,
3532,3532,17,17,0,
3533,3533,23,23,0,
3534,3534,5,4,0,
3535,3535,80,58,0,
3536,3536,9,9,0,
3537,3537,2,2,0,
3538,3538,57,57,0,
3539,3539,4,4,0,
3540,3540,10,9,0,
3541,3541,148,148,0,
3542,3542,274,0,0,
3543,3543,51,50,0,
3544,3544,3,3,0,
3545,3545,6,6,0,
3546,3546,46,46,0,
3547,3547,7,7,0,
3548,3548,4,4,0,
3549,3549,11,11,0,
3550,3550,89,0,0,
3551,3551,6,6,0,
3552,3552,5,2,0,
3553,3553,4,4,0,
3554,3554,76,76,0,
3555,3555,17,17,0,
3556,3556,5,5,0,
3557,3557,5,2,0,
3558,3558,2,2,0,
3559,3559,13,2,0,
3560,3560,2,2,0,
3561,3561,153,1,0,
3562,3562,17,17,0,
3563,3563,329,329,0,
3564,3564,2,2,0,
3565,3565,200,200,0,
3566,3566,2,2,0,
3567,3567,80,80,0,
3568,3568,163,134,1,
3569,3569,524,520,0,
3570,3570,19,8,0,
3571,3571,73,3,0,
3572,3572,3,3,0,
3573,3573,137,55,0,
3574,3574,8,8,0,
3575,3575,7,7,0,
3576,3576,5,3,0,
3577,3577,52,52,0,
3578,3578,31,31,0,
3579,3579,26,26,0,
3580,3580,14,14,0,
3581,3581,9,9,0,
3582,3582,17,17,0,
3583,3583,9,8,0,
3584,3584,2,2,0,
3585,3585,2,2,0,
3586,3586,2,2,0,
3587,3587,14,14,0,
3588,3588,1,1,0,
3589,3589,4,4,0,
3590,3590,4,4,0,
3591,3591,4,2,0,
3592,3592,4,4,0,
3593,3593,7,4,0,
3594,3594,11,11,0,
3595,3595,103,60,0,
3596,3596,22,22,0,
3597,3597,256,256,0,
3598,3598,25,25,0,
3599,3599,9,7,0,
3600,3600,87,87,0,
3601,3601,3,3,0,
3602,3602,72,1,0,
3603,3603,21,21,0,
3604,3604,14,2,0,
3605,3605,13,13,0,
3606,3606,38,38,0,
3607,3607,8,8,0,
3608,3608,9,3,0,
3609,3609,16,2,0,
3610,3610,5,4,0,
3611,3611,9,9,0,
3612,3612,0,0,35,
3613,3613,54,49,0,
3614,3614,167,167,0,
3615,3615,121,4,0,
3616,3616,11,11,0,
3617,3617,13,13,0,
3618,3618,37,37,0,
3619,3619,22,22,0,
3620,3620,150,22,0,
3621,3621,5,5,0,
3622,3622,5,2,0,
3623,3623,19,19,0,
3624,3624,13,13,0,
3625,3625,26,23,0,
3626,3626,16,1,0,
3627,3627,4,4,0,
3628,3628,25,25,0,
3629,3629,59,1,0,
3630,3630,94,54,0,
3631,3631,17,17,0,
3632,3632,6,3,0,
3633,3633,13,13,0,
3634,3634,59,59,0,
3635,3635,60,60,0,
3636,3636,6,6,0,
3637,3637,7,7,0,
3638,3638,2,2,0,
3639,3639,67,67,15,
3640,3640,6,6,0,
3641,3641,384,16,1,
3642,3642,4,3,0,
3643,3643,1,1,0,
3644,3644,5,5,0,
3645,3645,13,13,0,
3646,3646,3,3,0,
3647,3647,14,14,0,
3648,3648,80,3,0,
3649,3649,11,11,0,
3650,3650,4,2,0,
3651,3651,44,34,0,
3652,3652,92,70,0,
3653,3653,2,2,0,
3654,3654,54,13,0,
3655,3655,23,21,0,
3656,3656,103,103,0,
3657,3657,47,45,0,
3658,3658,40,40,0,
3659,3659,82,70,0,
3660,3660,44,6,0,
3661,3661,106,63,0,
3662,3662,14,11,0,
3663,3663,22,22,0,
3664,3664,51,50,0,
3665,3665,3,1,0,
3666,3666,54,54,0,
3667,3667,10,10,0,
3668,3668,1,1,0,
3669,3669,18,16,0,
3670,3670,11,11,0,
3671,3671,17,14,0,
3672,3672,36,36,0,
3673,3673,135,1,0,
3674,3674,22,9,0,
3675,3675,9,9,0,
3676,3676,6,6,1,
3677,3677,2,2,0,
3678,3678,3,3,0,
3679,3679,40,40,0,
3680,3680,2,2,0,
3681,3681,10,10,0,
3682,3682,45,27,0,
3683,3683,4,4,0,
3684,3684,2,2,0,
3685,3685,13,13,0,
3686,3686,6,6,0,
3687,3687,6,2,0,
3688,3688,183,183,0,
3689,3689,2,2,0,
3690,3690,3,2,0,
3691,3691,16,14,0,
3692,3692,8,8,0,
3693,3693,30,6,0,
3694,3694,4,2,0,
3695,3695,10,10,0,
3696,3696,53,53,0,
3697,3697,46,46,0,
3698,3698,29,8,0,
3699,3699,45,45,0,
3700,3700,50,50,0,
3701,3701,6,4,1,
3702,3702,163,1,0,
3703,3703,12,5,54,
3704,3704,3,2,0,
3705,3705,33,2,0,
3706,3706,108,108,0,
3707,3707,155,154,2,
3708,3708,7,4,0,
3709,3709,83,83,0,
3710,3710,9,9,0,
3711,3711,15,15,0,
3712,3712,5,5,0,
3713,3713,3,3,0,
3714,3714,49,49,0,
3715,3715,9,2,0,
3716,3716,37,37,0,
3717,3717,9,9,0,
3718,3718,4,4,0,
3719,3719,10,10,0,
3720,3720,4,2,0,
3721,3721,82,28,0,
3722,3722,21,18,0,
3723,3723,2,2,0,
3724,3724,11,10,0,
3725,3725,17,9,0,
3726,3726,159,159,0,
3727,3727,115,115,0,
3728,3728,14,14,0,
3729,3729,43,43,0,
3730,3730,43,42,0,
3731,3731,4,1,0,
3732,3732,15,15,0,
3733,3733,29,29,0,
3734,3734,16,16,0,
3735,3735,15,15,0,
3736,3736,3,2,0,
3737,3737,8,6,0,
3738,3738,8,8,0,
3739,3739,17,17,0,
3740,3740,16,16,0,
3741,3741,2,2,0,
3742,3742,9,9,0,
3743,3743,143,11,0,
3744,3744,31,27,0,
3745,3745,16,16,0,
3746,3746,3,3,0,
3747,3747,21,21,0,
3748,3748,12,12,0,
3749,3749,51,20,0,
3750,3750,15,15,0,
3751,3751,17,17,0,
3752,3752,23,23,0,
3753,3753,11,11,0,
3754,3754,17,17,0,
3755,3755,143,143,0,
3756,3756,4,4,0,
3757,3757,112,2,0,
3758,3758,29,29,0,
3759,3759,24,24,0,
3760,3760,6,6,0,
3761,3761,17,17,0,
3762,3762,29,29,0,
3763,3763,2,1,0,
3764,3764,46,42,0,
3765,3765,95,1,0,
3766,3766,36,36,0,
3767,3767,3,3,0,
3768,3768,45,0,0,
3769,3769,6,6,0,
3770,3770,2,2,0,
3771,3771,11,11,0,
3772,3772,6,6,0,
3773,3773,22,22,0,
3774,3774,25,21,0,
3775,3775,136,3,0,
3776,3776,290,290,0,
3777,3777,8,8,0,
3778,3778,3,3,0,
3779,3779,6,6,0,
3780,3780,3,3,0,
3781,3781,37,28,0,
3782,3782,3,3,0,
3783,3783,39,39,0,
3784,3784,30,30,0,
3785,3785,6,6,0,
3786,3786,5,5,0,
3787,3787,4,4,0,
3788,3788,3,3,70,
3789,3789,89,7,0,
3790,3790,20,20,0,
3791,3791,20,1,0,
3792,3792,108,14,0,
3793,3793,10,1,0,
3794,3794,90,76,0,
3795,3795,7,7,0,
3796,3796,2,2,0,
3797,3797,104,35,0,
3798,3798,34,34,0,
3799,3799,17,6,0,
3800,3800,5,5,0,
3801,3801,52,33,0,
3802,3802,34,34,0,
3803,3803,129,124,0,
3804,3804,69,12,0,
3805,3805,29,1,0,
3806,3806,4,4,0,
3807,3807,12,6,0,
3808,3808,7,7,0,
3809,3809,4,4,0,
3810,3810,14,14,0,
3811,3811,14,6,0,
3812,3812,5,5,0,
3813,3813,25,25,0,
3814,3814,83,77,0,
3815,3815,8,8,5,
3816,3816,10,10,0,
3817,3817,259,259,11,
3818,3818,2,2,0,
3819,3819,126,47,0,
3820,3820,2,2,0,
3821,3821,5,5,0,
3822,3822,11,11,0,
3823,3823,19,19,0,
3824,3824,29,26,0,
3825,3825,3,3,0,
3826,3826,144,144,0,
3827,3827,5,5,0,
3828,3828,4,4,0,
3829,3829,10,10,0,
3830,3830,356,9,0,
3831,3831,10,10,0,
3832,3832,2,2,0,
3833,3833,69,24,0,
3834,3834,10,10,0,
3835,3835,2,2,0,
3836,3836,34,19,0,
3837,3837,3,3,18,
3838,3838,22,22,0,
3839,3839,11,11,0,
3840,3840,5,5,0,
3841,3841,19,6,0,
3842,3842,2,1,0,
3843,3843,16,16,0,
3844,3844,,10,0,
3845,3845,187,176,0,
3846,3846,22,6,0,
3847,3847,11,11,0,
3848,3848,113,20,1,
3849,3849,39,6,0,
3850,3850,62,62,0,
3851,3851,13,12,0,
3852,3852,47,3,0,
3853,3853,30,30,0,
3854,3854,2,2,0,
3855,3855,5,2,0,
3856,3856,298,112,0,
3857,3857,10,10,0,
3858,3858,22,3,0,
3859,3859,98,1,8,
3860,3860,30,30,0,
3861,3861,48,42,0,
3862,3862,199,75,4,
3863,3863,19,13,0,
3864,3864,3,3,0,
3865,3865,34,34,0,
3866,3866,16,16,0,
3867,3867,10,10,0,
3868,3868,2,2,0,
3869,3869,40,34,0,
3870,3870,3,3,0,
3871,3871,54,54,0,
3872,3872,5,5,0,
3873,3873,126,126,45,
3874,3874,54,13,0,
3875,3875,55,55,0,
3876,3876,22,22,0,
3877,3877,6,6,0,
3878,3878,171,171,0,
3879,3879,7,2,0,
3880,3880,63,2,0,
3881,3881,26,26,0,
3882,3882,24,24,0,
3883,3883,11,11,0,
3884,3884,7,7,0,
3885,3885,6,6,0,
3886,3886,21,10,0,
3887,3887,9,9,0,
3888,3888,4,4,0,
3889,3889,5,5,0,
3890,3890,12,12,0,
3891,3891,5,5,0,
3892,3892,25,25,0,
3893,3893,146,127,0,
3894,3894,54,54,0,
3895,3895,36,36,0,
3896,3896,20,20,0,
3897,3897,10,2,0,
3898,3898,18,18,0,
3899,3899,4,4,0,
3900,3900,42,34,0,
3901,3901,24,24,0,
3902,3902,52,1,0,
3903,3903,107,107,3,
3904,3904,5,5,0,
3905,3905,7,3,0,
3906,3906,8,8,0,
3907,3907,5,5,0,
3908,3908,28,24,0,
3909,3909,15,15,0,
3910,3910,6,6,0,
3911,3911,7,7,0,
3912,3912,5,5,0,
3913,3913,16,9,0,
3914,3914,71,27,0,
3915,3915,23,23,0,
3916,3916,1,1,0,
3917,3917,2,2,0,
3918,3918,25,25,0,
3919,3919,158,73,0,
3920,3920,19,19,0,
3921,3921,28,28,0,
3922,3922,2,2,0,
3923,3923,1,1,0,
3924,3924,40,2,2,
3925,3925,146,92,0,
3926,3926,29,29,0,
3927,3927,1,1,0,
3928,3928,1,0,50,
3929,3929,30,30,0,
3930,3930,3,2,0,
3931,3931,13,11,0,
3932,3932,3,3,0,
3933,3933,46,4,0,
3934,3934,11,11,0,
3935,3935,25,25,0,
3936,3936,4,2,0,
3937,3937,5,5,0,
3938,3938,22,20,0,
3939,3939,24,20,0,
3940,3940,24,7,0,
3941,3941,4,1,0,
3942,3942,10,10,0,
3943,3943,3,3,24,
3944,3944,40,20,0,
3945,3945,119,8,0,
3946,3946,11,11,0,
3947,3947,10,10,0,
3948,3948,21,21,4,
3949,3949,2,2,0,
3950,3950,42,23,0,
3951,3951,85,0,0,
3952,3952,5,5,0,
3953,3953,5,5,0,
3954,3954,12,8,0,
3955,3955,2,2,0,
3956,3956,30,30,0,
3957,3957,9,9,0,
3958,3958,47,47,0,
3959,3959,83,83,0,
3960,3960,18,18,0,
3961,3961,5,5,0,
3962,3962,61,61,0,
3963,3963,17,13,0,
3964,3964,10,3,0,
3965,3965,18,18,0,
3966,3966,8,8,0,
3967,3967,129,4,0,
3968,3968,12,12,0,
3969,3969,4,4,0,
3970,3970,130,130,0,
3971,3971,226,128,0,
3972,3972,97,1,0,
3973,3973,4,4,0,
3974,3974,31,11,0,
3975,3975,10,9,0,
3976,3976,46,46,0,
3977,3977,16,16,0,
3978,3978,15,15,0,
3979,3979,2,2,0,
3980,3980,38,38,0,
3981,3981,13,13,0,
3982,3982,198,8,0,
3983,3983,10,10,0,
3984,3984,12,10,0,
3985,3985,1,1,0,
3986,3986,22,21,0,
3987,3987,5,5,0,
3988,3988,21,1,0,
3989,3989,13,13,0,
3990,3990,99,34,0,
3991,3991,63,63,0,
3992,3992,4,4,0,
3993,3993,3,3,0,
3994,3994,22,22,0,
3995,3995,72,20,0,
3996,3996,25,25,0,
3997,3997,45,45,0,
3998,3998,7,6,0,
3999,3999,10,10,0,
4000,4000,9,9,0,
4001,4001,7,7,0,
4002,4002,5,5,0,
4003,4003,98,98,0,
4004,4004,27,27,0,
4005,4005,63,34,0,
4006,4006,28,28,0,
4007,4007,8,8,0,
4008,4008,7,6,0,
4009,4009,5,5,2,
4010,4010,23,23,0,
4011,4011,22,11,0,
4012,4012,8,8,0,
4013,4013,13,13,0,
4014,4014,7,7,0,
4015,4015,14,13,0,
4016,4016,181,13,0,
4017,4017,10,4,0,
4018,4018,223,223,0,
4019,4019,3,2,0,
4020,4020,7,7,0,
4021,4021,18,2,0,
4022,4022,10,10,0,
4023,4023,53,4,0,
4024,4024,3,3,0,
4025,4025,15,15,0,
4026,4026,15,13,0,
4027,4027,261,261,0,
4028,4028,15,15,0,
4029,4029,3,3,0,
4030,4030,5,5,0,
4031,4031,9,9,0,
4032,4032,10,6,0,
4033,4033,9,9,0,
4034,4034,6,6,0,
4035,4035,3,3,0,
4036,4036,69,69,0,
4037,4037,4,4,0,
4038,4038,3,3,0,
4039,4039,20,14,0,
4040,4040,10,3,0,
4041,4041,14,14,0,
4042,4042,13,13,0,
4043,4043,7,7,0,
4044,4044,4,4,0,
4045,4045,2,2,0,
4046,4046,16,1,0,
4047,4047,10,10,0,
4048,4048,10,1,0,
4049,4049,135,134,1,
4050,4050,9,1,0,
4051,4051,12,12,0,
4052,4052,17,17,0,
4053,4053,3,3,0,
4054,4054,18,5,0,
4055,4055,40,40,0,
4056,4056,51,51,0,
4057,4057,15,15,2,
4058,4058,1,1,0,
4059,4059,20,20,0,
4060,4060,23,23,0,
4061,4061,3,3,0,
4062,4062,20,20,0,
4063,4063,3,1,0,
4064,4064,41,41,0,
4065,4065,20,20,0,
4066,4066,5,5,0,
4067,4067,9,9,0,
4068,4068,30,27,0,
4069,4069,129,0,0,
4070,4070,5,5,0,
4071,4071,5,5,0,
4072,4072,4,2,0,
4073,4073,5,2,0,
4074,4074,96,87,0,
4075,4075,9,7,0,
4076,4076,47,47,0,
4077,4077,12,12,0,
4078,4078,5,5,11,
4079,4079,56,30,0,
4080,4080,4,3,0,
4081,4081,,1,0,
4082,4082,5,5,0,
4083,4083,8,3,0,
4084,4084,2,2,0,
4085,4085,51,27,0,
4086,4086,10,10,0,
4087,4087,7,7,0,
4088,4088,12,1,0,
4089,4089,13,3,0,
4090,4090,10,7,0,
4091,4091,15,11,0,
4092,4092,46,46,6,
4093,4093,4,4,0,
4094,4094,22,16,0,
4095,4095,9,9,0,
4096,4096,39,39,0,
4097,4097,9,9,0,
4098,4098,47,47,0,
4099,4099,5,5,0,
4100,4100,6,3,0,
4101,4101,2,2,0,
4102,4102,6,6,0,
4103,4103,10,10,0,
4104,4104,3,3,0,
4105,4105,12,10,0,
4106,4106,4,4,0,
4107,4107,19,19,0,
4108,4108,1,1,0,
4109,4109,34,29,0,
4110,4110,57,57,0,
4111,4111,24,24,4,
4112,4112,70,70,0,
4113,4113,8,8,0,
4114,4114,4,4,0,
4115,4115,6,6,0,
4116,4116,4,4,0,
4117,4117,167,167,0,
4118,4118,292,0,0,
4119,4119,113,113,0,
4120,4120,126,108,0,
4121,4121,10,10,0,
4122,4122,3,3,0,
4123,4123,84,84,0,
4124,4124,3,3,0,
4125,4125,14,12,0,
4126,4126,41,8,0,
4127,4127,17,3,0,
4128,4128,12,12,0,
4129,4129,43,1,1,
4130,4130,14,10,0,
4131,4131,7,7,0,
4132,4132,3,3,0,
4133,4133,11,11,0,
4134,4134,10,10,0,
4135,4135,158,158,0,
4136,4136,4,4,47,
4137,4137,6,6,0,
4138,4138,35,14,0,
4139,4139,13,1,0,
4140,4140,31,31,0,
4141,4141,16,15,0,
4142,4142,11,8,0,
4143,4143,14,13,0,
4144,4144,3,3,0,
4145,4145,3,3,0,
4146,4146,33,33,0,
4147,4147,20,20,0,
4148,4148,31,30,0,
4149,4149,34,34,0,
4150,4150,3,3,0,
4151,4151,141,141,0,
4152,4152,13,13,0,
4153,4153,9,9,0,
4154,4154,37,37,0,
4155,4155,340,56,0,
4156,4156,157,157,0,
4157,4157,4,4,0,
4158,4158,23,4,0,
4159,4159,44,17,0,
4160,4160,2,2,0,
4161,4161,2,2,0,
4162,4162,21,3,0,
4163,4163,16,16,0,
4164,4164,133,133,0,
4165,4165,30,30,0,
4166,4166,2,2,0,
4167,4167,6,6,0,
4168,4168,97,83,0,
4169,4169,4,4,0,
4170,4170,10,3,0,
4171,4171,6,6,0,
4172,4172,5,0,0,
4173,4173,4,4,0,
4174,4174,4,3,0,
4175,4175,11,11,0,
4176,4176,264,2,0,
4177,4177,8,8,0,
4178,4178,40,40,0,
4179,4179,118,56,0,
4180,4180,76,76,0,
4181,4181,30,30,0,
4182,4182,2,2,0,
4183,4183,2,2,0,
4184,4184,5,3,0,
4185,4185,132,132,0,
4186,4186,2,2,0,
4187,4187,11,11,0,
4188,4188,11,9,0,
4189,4189,3,1,0,
4190,4190,40,40,0,
4191,4191,43,41,0,
4192,4192,23,23,0,
4193,4193,3,3,0,
4194,4194,2,1,0,
4195,4195,113,55,0,
4196,4196,110,68,0,
4197,4197,17,1,0,
4198,4198,19,19,0,
4199,4199,4,4,0,
4200,4200,3,0,0,
4201,4201,24,24,0,
4202,4202,86,82,0,
4203,4203,70,2,0,
4204,4204,27,27,0,
4205,4205,132,106,0,
4206,4206,30,1,0,
4207,4207,60,60,0,
4208,4208,9,9,0,
4209,4209,80,2,0,
4210,4210,20,7,0,
4211,4211,5,5,0,
4212,4212,7,7,0,
4213,4213,102,12,0,
4214,4214,17,17,0,
4215,4215,116,116,0,
4216,4216,13,13,0,
4217,4217,18,18,0,
4218,4218,7,7,0,
4219,4219,3,3,0,
4220,4220,18,18,0,
4221,4221,29,29,0,
4222,4222,5,5,0,
4223,4223,36,36,0,
4224,4224,124,124,1,
4225,4225,9,9,0,
4226,4226,10,10,0,
4227,4227,8,5,0,
4228,4228,2,2,0,
4229,4229,13,13,0,
4230,4230,31,31,0,
4231,4231,2,1,0,
4232,4232,116,0,0,
4233,4233,4,4,0,
4234,4234,1,1,0,
4235,4235,8,8,0,
4236,4236,32,32,0,
4237,4237,2,2,0,
4238,4238,2,2,0,
4239,4239,6,6,0,
4240,4240,4,4,0,
4241,4241,29,29,0,
4242,4242,75,75,0,
4243,4243,7,0,23,
4244,4244,5,5,0,
4245,4245,24,3,0,
4246,4246,17,17,0,
4247,4247,12,12,0,
4248,4248,26,26,0,
4249,4249,11,11,0,
4250,4250,271,264,0,
4251,4251,9,8,0,
4252,4252,9,8,0,
4253,4253,16,8,0,
4254,4254,11,4,0,
4255,4255,29,7,0,
4256,4256,7,6,0,
4257,4257,160,160,0,
4258,4258,9,9,0,
4259,4259,12,12,0,
4260,4260,12,12,0,
4261,4261,10,9,0,
4262,4262,17,17,0,
4263,4263,70,50,0,
4264,4264,7,7,0,
4265,4265,93,80,0,
4266,4266,57,37,0,
4267,4267,3,3,0,
4268,4268,7,3,0,
4269,4269,6,6,0,
4270,4270,9,5,0,
4271,4271,21,21,0,
4272,4272,18,18,0,
4273,4273,47,47,0,
4274,4274,160,0,0,
4275,4275,3,3,0,
4276,4276,3,3,0,
4277,4277,4,3,0,
4278,4278,44,44,0,
4279,4279,132,132,0,
4280,4280,5,3,0,
4281,4281,4,3,0,
4282,4282,39,5,0,
4283,4283,12,6,0,
4284,4284,28,28,0,
4285,4285,27,1,0,
4286,4286,9,8,0,
4287,4287,20,8,0,
4288,4288,2,2,0,
4289,4289,10,10,0,
4290,4290,66,66,0,
4291,4291,21,21,0,
4292,4292,22,22,0,
4293,4293,19,7,0,
4294,4294,23,23,0,
4295,4295,68,68,0,
4296,4296,14,14,0,
4297,4297,4,4,0,
4298,4298,30,6,0,
4299,4299,1,1,0,
4300,4300,7,7,0,
4301,4301,142,2,0,
4302,4302,22,22,0,
4303,4303,293,1,0,
4304,4304,5,5,0,
4305,4305,20,15,0,
4306,4306,9,7,0,
4307,4307,28,28,0,
4308,4308,5,5,0,
4309,4309,239,3,0,
4310,4310,76,57,0,
4311,4311,12,12,0,
4312,4312,14,14,0,
4313,4313,52,51,0,
4314,4314,1,1,0,
4315,4315,5,5,0,
4316,4316,1,1,0,
4317,4317,4,3,0,
4318,4318,4,2,0,
4319,4319,24,2,0,
4320,4320,19,3,0,
4321,4321,10,10,0,
4322,4322,4,4,0,
4323,4323,10,8,0,
4324,4324,3,3,0,
4325,4325,10,9,0,
4326,4326,1,1,0,
4327,4327,6,6,0,
4328,4328,60,60,0,
4329,4329,8,8,0,
4330,4330,9,1,0,
4331,4331,3,3,0,
4332,4332,52,52,0,
4333,4333,8,8,0,
4334,4334,7,7,0,
4335,4335,9,9,0,
4336,4336,6,6,0,
4337,4337,12,12,0,
4338,4338,11,2,0,
4339,4339,10,6,0,
4340,4340,62,0,0,
4341,4341,21,5,0,
4342,4342,12,12,0,
4343,4343,14,13,0,
4344,4344,48,48,0,
4345,4345,80,16,0,
4346,4346,2,2,0,
4347,4347,4,4,0,
4348,4348,3,3,0,
4349,4349,6,6,0,
4350,4350,15,15,0,
4351,4351,18,1,0,
4352,4352,34,34,0,
4353,4353,2,2,0,
4354,4354,3,3,0,
4355,4355,65,65,0,
4356,4356,10,10,0,
4357,4357,10,10,0,
4358,4358,29,10,0,
4359,4359,1,1,0,
4360,4360,7,7,0,
4361,4361,8,8,0,
4362,4362,22,21,0,
4363,4363,51,3,0,
4364,4364,81,81,0,
4365,4365,9,5,0,
4366,4366,53,34,0,
4367,4367,3,2,0, and the period the landing gear remained extended after the simulated engine failure.
4368,4368,43,42,0,
4369,4369,24,24,0,
4370,4370,15,15,0,
4371,4371,10,8,0,
4372,4372,14,1,0,
4373,4373,15,15,0,
4374,4374,3,3,0,
4375,4375,13,13,0,
4376,4376,11,9,0,
4377,4377,53,53,0,
4378,4378,137,9,0,
4379,4379,63,63,0,
4380,4380,10,10,0,
4381,4381,6,2,0,
4382,4382,78,72,0,
4383,4383,82,54,0,
4384,4384,98,98,0,
4385,4385,20,20,0,
4386,4386,49,49,0,
4387,4387,144,141,0,
4388,4388,164,160,0,
4389,4389,12,2,0,
4390,4390,12,12,0,
4391,4391,6,2,225,
4392,4392,10,1,0,
4393,4393,14,14,0,
4394,4394,39,39,0,
4395,4395,6,5,0,
4396,4396,4,4,24,
4397,4397,4,4,0,
4398,4398,189,189,0,
4399,4399,8,8,0,
4400,4400,20,20,0,
4401,4401,15,11,0,
4402,4402,2,2,0,
4403,4403,10,10,0,
4404,4404,91,91,0,
4405,4405,8,8,0,
4406,4406,123,123,0,
4407,4407,9,9,0,
4408,4408,23,23,0,
4409,4409,8,8,0,
4410,4410,5,5,0,
4411,4411,35,35,0,
4412,4412,20,20,0,
4413,4413,17,6,0,
4414,4414,3,3,0,
4415,4415,53,53,0,
4416,4416,2,2,0,
4417,4417,19,16,0,
4418,4418,10,1,0,
4419,4419,110,110,0,
4420,4420,3,3,0,
4421,4421,10,10,0,
4422,4422,7,7,0,
4423,4423,28,18,0,
4424,4424,275,3,0,
4425,4425,12,2,0,
4426,4426,142,2,0,
4427,4427,20,20,0,
4428,4428,9,9,0,
4429,4429,41,34,0,
4430,4430,230,230,0,
4431,4431,18,1,0,
4432,4432,4,4,0,
4433,4433,49,8,0,
4434,4434,2,2,0,
4435,4435,3,1,0,
4436,4436,9,9,0,
4437,4437,3,3,0,
4438,4438,12,12,0,
4439,4439,141,141,0,
4440,4440,2,2,0,
4441,4441,5,3,0,
4442,4442,32,32,0,
4443,4443,70,70,0,
4444,4444,21,6,0,
4445,4445,19,6,0,
4446,4446,23,2,0,
4447,4447,3,3,0,
4448,4448,8,8,0,
4449,4449,4,4,30,
4450,4450,34,5,0,
4451,4451,95,95,3,
4452,4452,16,16,0,
4453,4453,8,8,0,
4454,4454,16,16,0,
4455,4455,143,143,0,
4456,4456,349,349,0,
4457,4457,8,8,0,
4458,4458,15,14,0,
4459,4459,14,14,0,
4460,4460,11,10,0,
4461,4461,175,127,0,
4462,4462,1,1,0,
4463,4463,23,23,0,
4464,4464,15,14,0,
4465,4465,17,16,2,
4466,4466,2,2,0,
4467,4467,18,18,0,
4468,4468,4,4,0,
4469,4469,6,6,0,
4470,4470,22,22,0,
4471,4471,2,2,0,
4472,4472,2,2,0,
4473,4473,5,3,0,
4474,4474,29,29,0,
4475,4475,2,1,0,
4476,4476,16,5,0,
4477,4477,52,25,0,
4478,4478,37,37,0,
4479,4479,73,73,0,
4480,4480,52,1,0,
4481,4481,5,5,0,
4482,4482,1,1,0,
4483,4483,4,4,0,
4484,4484,88,88,0,
4485,4485,50,50,0,
4486,4486,10,3,0,
4487,4487,2,2,0,
4488,4488,5,5,0,
4489,4489,7,3,0,
4490,4490,6,6,0,
4491,4491,14,14,0,
4492,4492,53,15,0,
4493,4493,36,36,0,
4494,4494,74,35,0,
4495,4495,27,27,0,
4496,4496,12,7,0,
4497,4497,2,2,0,
4498,4498,5,4,0,
4499,4499,29,25,0,
4500,4500,60,1,0,
4501,4501,44,44,0,
4502,4502,6,4,0,
4503,4503,50,30,0,
4504,4504,4,2,0,
4505,4505,2,2,0,
4506,4506,55,1,0,
4507,4507,17,1,0,
4508,4508,254,229,0,
4509,4509,4,4,0,
4510,4510,16,16,0,
4511,4511,2,2,0,
4512,4512,5,5,0,
4513,4513,2,2,0,
4514,4514,12,12,0,
4515,4515,66,65,0,
4516,4516,10,10,0,
4517,4517,22,22,0,
4518,4518,33,33,0,
4519,4519,234,234,0,
4520,4520,9,9,0,
4521,4521,9,8,0,
4522,4522,74,74,0,
4523,4523,5,5,0,
4524,4524,1,1,0,
4525,4525,26,2,0,
4526,4526,6,3,0,
4527,4527,8,8,0,
4528,4528,23,23,44,
4529,4529,17,4,0,
4530,4530,19,10,0,
4531,4531,86,85,0,
4532,4532,3,3,0,
4533,4533,70,70,0,
4534,4534,104,104,0,
4535,4535,5,5,0,
4536,4536,5,5,0,
4537,4537,393,1,0,
4538,4538,10,10,0,
4539,4539,1,1,0,
4540,4540,51,51,0,
4541,4541,2,2,0,
4542,4542,45,16,0,
4543,4543,104,104,0,
4544,4544,2,0,20,
4545,4545,7,7,0,
4546,4546,5,5,0,
4547,4547,57,27,0,
4548,4548,196,196,7,
4549,4549,1,1,0,
4550,4550,1,1,0,
4551,4551,6,6,0,
4552,4552,13,13,0,
4553,4553,45,45,0,
4554,4554,127,0,3,
4555,4555,55,22,1,
4556,4556,4,2,0,
4557,4557,53,53,0,
4558,4558,88,75,0,
4559,4559,42,39,0,
4560,4560,26,26,0,
4561,4561,5,5,0,
4562,4562,28,28,0,
4563,4563,11,11,0,
4564,4564,6,6,0,
4565,4565,8,8,0,
4566,4566,3,3,0,
4567,4567,10,10,0,
4568,4568,4,4,0,
4569,4569,18,4,0,
4570,4570,2,2,0,
4571,4571,24,5,0,
4572,4572,6,6,2,
4573,4573,31,4,0,
4574,4574,15,15,0,
4575,4575,5,5,0,
4576,4576,13,1,0,
4577,4577,10,5,0,
4578,4578,18,18,0,
4579,4579,11,11,0,
4580,4580,2,1,0,
4581,4581,44,44,0,
4582,4582,91,70,10,
4583,4583,24,24,0,
4584,4584,229,229,0,
4585,4585,5,5,0,
4586,4586,5,5,0,
4587,4587,5,1,0,
4588,4588,9,9,0,
4589,4589,3,3,0,
4590,4590,38,38,0,
4591,4591,22,1,0,
4592,4592,55,55,0,
4593,4593,27,1,0,
4594,4594,41,41,0,
4595,4595,37,0,4,
4596,4596,3,3,1,
4597,4597,11,4,0,
4598,4598,18,11,0,
4599,4599,13,13,0,
4600,4600,9,9,0,
4601,4601,1,1,0,
4602,4602,2,2,0,
4603,4603,6,4,0,
4604,4604,1,1,0,
4605,4605,10,7,0,
4606,4606,8,8,0,
4607,4607,146,102,0,
4608,4608,11,11,0,
4609,4609,10,1,0,
4610,4610,5,5,0,
4611,4611,14,14,0,
4612,4612,9,9,0,
4613,4613,2,2,0,
4614,4614,4,4,0,
4615,4615,2,2,0,
4616,4616,4,3,0,
4617,4617,12,4,0,
4618,4618,28,28,0,
4619,4619,14,14,13,
4620,4620,11,11,0,
4621,4621,7,7,0,
4622,4622,1,1,0,
4623,4623,61,61,0,
4624,4624,19,19,3,
4625,4625,8,8,8,
4626,4626,2,1,0,
4627,4627,5,5,0,
4628,4628,6,6,0,
4629,4629,5,5,0,
4630,4630,3,3,0,
4631,4631,12,7,0,
4632,4632,5,5,0,
4633,4633,2,2,0,
4634,4634,145,11,0,
4635,4635,50,50,0,
4636,4636,1,1,0,
4637,4637,7,7,0,
4638,4638,17,17,0,
4639,4639,2,1,0,
4640,4640,2,2,0,
4641,4641,18,5,0,
4642,4642,5,5,0,
4643,4643,4,4,0,
4644,4644,3,3,0,
4645,4645,16,16,0,
4646,4646,517,1,0,
4647,4647,7,7,0,
4648,4648,17,17,0,
4649,4649,10,10,0,
4650,4650,18,18,0,
4651,4651,4,1,0,
4652,4652,315,3,0,
4653,4653,96,1,0,
4654,4654,33,2,0,
4655,4655,103,64,10,
4656,4656,12,12,0,
4657,4657,11,8,0,
4658,4658,5,3,0,
4659,4659,15,15,0,
4660,4660,13,7,0,
4661,4661,2,2,0,
4662,4662,5,5,0,
4663,4663,10,10,0,
4664,4664,20,12,0,
4665,4665,3,3,0,
4666,4666,6,6,0,
4667,4667,6,6,0,
4668,4668,217,217,0,
4669,4669,4,4,0,
4670,4670,16,16,6,
4671,4671,18,18,0,
4672,4672,24,24,0,
4673,4673,4,4,0,
4674,4674,7,5,0,
4675,4675,9,9,0,
4676,4676,6,6,0,
4677,4677,17,17,0,
4678,4678,6,6,0,
4679,4679,8,8,0,
4680,4680,94,3,0,
4681,4681,35,35,0,
4682,4682,314,16,2,
4683,4683,3,3,0,
4684,4684,2,2,0,
4685,4685,4,4,0,
4686,4686,189,1,0,
4687,4687,22,22,0,
4688,4688,10,10,0,
4689,4689,6,6,0,
4690,4690,16,1,1,
4691,4691,10,10,0,
4692,4692,41,22,0,
4693,4693,20,5,0,
4694,4694,4,4,0,
4695,4695,179,169,0,
4696,4696,24,24,0,
4697,4697,15,14,0,
4698,4698,88,88,0,
4699,4699,8,8,0,
4700,4700,6,6,0,
4701,4701,3,3,0,
4702,4702,142,0,0,
4703,4703,9,9,0,
4704,4704,2,2,0,
4705,4705,10,10,0,
4706,4706,,,,
4707,4707,8,6,2,
4708,4708,33,3,0,
4709,4709,1,1,0,
4710,4710,3,3,,
4711,4711,131,131,0,
4712,4712,4,4,0,
4713,4713,5,2,0,
4714,4714,1,1,0,
4715,4715,6,6,0,
4716,4716,10,3,0,
4717,4717,19,19,0,
4718,4718,298,1,0,
4719,4719,2,1,0,
4720,4720,8,8,0,
4721,4721,52,7,0,
4722,4722,5,5,0,
4723,4723,4,4,0,
4724,4724,44,44,7,
4725,4725,5,5,0,
4726,4726,19,19,0,
4727,4727,19,13,0,
4728,4728,3,1,0,
4729,4729,58,55,5,
4730,4730,2,2,0,
4731,4731,2,2,0,
4732,4732,7,7,0,
4733,4733,109,109,4,
4734,4734,13,13,0,
4735,4735,25,25,0,
4736,4736,6,6,0,
4737,4737,14,14,0,
4738,4738,11,11,0,
4739,4739,27,27,0,
4740,4740,2,2,0,
4741,4741,3,3,0,
4742,4742,143,143,0,
4743,4743,9,1,0,
4744,4744,10,10,0,
4745,4745,7,7,0,
4746,4746,8,8,0,
4747,4747,14,14,0,
4748,4748,10,5,0,
4749,4749,88,0,4,
4750,4750,6,6,0,
4751,4751,3,3,0,
4752,4752,1,1,0,
4753,4753,3,2,0,
4754,4754,3,3,0,
4755,4755,17,8,0,
4756,4756,86,86,0,
4757,4757,179,83,0,
4758,4758,44,44,0,
4759,4759,11,2,0,
4760,4760,1,1,0,
4761,4761,57,57,0,
4762,4762,114,1,0,
4763,4763,2,1,0,
4764,4764,9,9,0,
4765,4765,2,2,0,
4766,4766,24,24,0,
4767,4767,10,10,0,
4768,4768,6,3,0,
4769,4769,6,2,0,
4770,4770,3,3,0,
4771,4771,10,10,0,
4772,4772,2,2,0,
4773,4773,6,6,0,
4774,4774,5,1,0,
4775,4775,21,21,0,
4776,4776,174,3,0,
4777,4777,17,16,0,
4778,4778,19,19,1,
4779,4779,3,3,0,
4780,4780,18,18,0,
4781,4781,1,1,0,
4782,4782,30,14,0,
4783,4783,16,16,0,
4784,4784,10,10,0,
4785,4785,34,34,0,
4786,4786,5,5,0,
4787,4787,30,30,0,
4788,4788,7,7,0,
4789,4789,19,1,0,
4790,4790,145,145,0,
4791,4791,12,8,0,
4792,4792,13,13,0,
4793,4793,10,10,0,
4794,4794,6,6,0,
4795,4795,3,3,0,
4796,4796,7,6,0,
4797,4797,11,4,0,
4798,4798,304,0,0,
4799,4799,2,2,0,
4800,4800,9,9,0,
4801,4801,47,4,0,
4802,4802,44,44,0,
4803,4803,64,64,125,
4804,4804,92,92,2750,
4805,4805,65,65,2750,
4806,4806,19,19,0,
4807,4807,82,1,0,
4808,4808,13,9,0,
4809,4809,3,3,0,
4810,4810,78,78,0,
4811,4811,114,114,4,
4812,4812,7,3,0,
4813,4813,10,10,0,
4814,4814,10,10,0,
4815,4815,3,2,0,
4816,4816,6,3,0,
4817,4817,5,3,0,
4818,4818,260,260,5,
4819,4819,27,27,0,
4820,4820,2,2,0,
4821,4821,17,2,0,
4822,4822,33,24,0,
4823,4823,13,1,0,
4824,4824,8,3,0,
4825,4825,18,18,0,
4826,4826,2,2,0,
4827,4827,2,2,0,
4828,4828,6,6,0,
4829,4829,16,16,0,
4830,4830,2,2,0,
4831,4831,9,8,0,
4832,4832,5,5,0,
4833,4833,5,5,0,
4834,4834,7,7,0,
4835,4835,3,3,0,
4836,4836,17,5,0,
4837,4837,62,1,0,
4838,4838,26,26,0,
4839,4839,6,6,0,
4840,4840,40,5,0,
4841,4841,92,92,0,
4842,4842,2,2,0,
4843,4843,117,117,0,
4844,4844,10,1,0,
4845,4845,20,17,0,
4846,4846,10,10,0,
4847,4847,3,3,0,
4848,4848,17,17,0,
4849,4849,1,1,0,
4850,4850,4,4,0,
4851,4851,4,4,0,
4852,4852,2,2,0,
4853,4853,166,128,0,
4854,4854,6,6,0,
4855,4855,8,3,0,
4856,4856,6,6,0,
4857,4857,20,8,0,
4858,4858,77,74,75,
4859,4859,62,14,0,
4860,4860,112,112,0,
4861,4861,5,5,0,
4862,4862,225,225,0,
4863,4863,6,6,0,
4864,4864,3,3,0,
4865,4865,25,20,0,
4866,4866,5,5,0,
4867,4867,8,1,0,
4868,4868,10,3,0,
4869,4869,71,71,0,
4870,4870,2,2,2,
4871,4871,27,25,0,
4872,4872,4,4,0,
4873,4873,10,10,0,
4874,4874,11,11,0,
4875,4875,4,4,0,
4876,4876,2,0,85,
4877,4877,16,14,0,
4878,4878,10,10,0,
4879,4879,5,5,0,
4880,4880,147,121,0,
4881,4881,18,18,0,
4882,4882,16,16,0,
4883,4883,5,1,0,
4884,4884,31,23,0,
4885,4885,3,3,0,
4886,4886,2,2,0,
4887,4887,6,6,0,
4888,4888,2,2,0,
4889,4889,4,3,0,
4890,4890,12,12,5,
4891,4891,5,1,0,
4892,4892,1,1,0,
4893,4893,8,8,0,
4894,4894,22,20,0,
4895,4895,10,7,0,
4896,4896,2,2,0,
4897,4897,34,19,0,
4898,4898,20,1,0,
4899,4899,3,3,0,
4900,4900,8,8,0,
4901,4901,22,17,0,
4902,4902,1,1,0,
4903,4903,2,2,0,
4904,4904,44,44,0,
4905,4905,1,1,0,
4906,4906,16,3,0,
4907,4907,16,1,0,
4908,4908,80,75,0,
4909,4909,21,21,0,
4910,4910,46,46,0,
4911,4911,7,7,0,
4912,4912,13,3,0,
4913,4913,6,6,0,
4914,4914,8,8,0,
4915,4915,3,2,0,
4916,4916,7,3,0,
4917,4917,275,275,0,
4918,4918,17,17,0,
4919,4919,25,11,0,
4920,4920,103,102,0,
4921,4921,16,4,0,
4922,4922,3,3,0,
4923,4923,200,129,0,
4924,4924,75,75,0,
4925,4925,4,4,0,
4926,4926,2,2,0,
4927,4927,5,5,0,
4928,4928,10,8,0,
4929,4929,4,4,0,
4930,4930,4,4,0,
4931,4931,24,1,0,
4932,4932,7,7,0,
4933,4933,3,3,0,
4934,4934,4,4,0,
4935,4935,4,4,11,
4936,4936,4,4,0,
4937,4937,5,5,0,
4938,4938,117,116,0,
4939,4939,10,2,0,
4940,4940,10,4,0,
4941,4941,14,14,0,
4942,4942,5,5,0,
4943,4943,2,2,0,
4944,4944,16,1,0,
4945,4945,20,20,0,
4946,4946,21,21,0,
4947,4947,2,2,0,
4948,4948,8,8,0,
4949,4949,2,1,0,
4950,4950,6,6,0,
4951,4951,7,7,0,
4952,4952,3,3,0,
4953,4953,4,4,0,
4954,4954,2,2,0,
4955,4955,2,1,0,
4956,4956,5,5,0,
4957,4957,3,3,0,
4958,4958,1,1,0,
4959,4959,36,15,0,
4960,4960,7,2,0,
4961,4961,4,4,0,
4962,4962,1,1,0,
4963,4963,24,20,13,
4964,4964,3,2,0,
4965,4965,3,3,0,
4966,4966,2,2,0,
4967,4967,161,140,0,
4968,4968,148,148,0,
4969,4969,37,37,0,
4970,4970,10,10,0,
4971,4971,5,1,0,
4972,4972,9,9,0,
4973,4973,46,43,0,
4974,4974,6,6,0,
4975,4975,4,4,0,
4976,4976,7,3,0,
4977,4977,4,4,0,
4978,4978,2,1,0,
4979,4979,5,5,0,
4980,4980,6,6,0,
4981,4981,5,4,0,
4982,4982,7,7,0,
4983,4983,7,7,0,
4984,4984,7,3,0,
4985,4985,10,6,0,
4986,4986,7,7,0,
4987,4987,33,33,0,
4988,4988,12,1,0,
4989,4989,7,7,0,
4990,4990,2,2,0,
4991,4991,3,3,0,
4992,4992,30,19,0,
4993,4993,4,4,0,
4994,4994,24,24,0,
4995,4995,6,6,1,
4996,4996,2,2,0,
4997,4997,11,6,0,
4998,4998,3,2,0,
4999,4999,2,1,0,
5000,5000,2,2,0,
5001,5001,3,3,0,
5002,5002,25,25,0,
5003,5003,46,46,0,
5004,5004,41,41,0,
5005,5005,3,1,0,
5006,5006,2,2,0,
5007,5007,17,17,0,
5008,5008,1,1,0,
5009,5009,4,4,0,
5010,5010,3,3,0,
5011,5011,6,6,0,
5012,5012,2,2,0,
5013,5013,7,7,0,
5014,5014,3,3,0,
5015,5015,2,2,0,
5016,5016,15,13,0,
5017,5017,10,10,0,
5018,5018,5,5,0,
5019,5019,21,3,0,
5020,5020,53,53,0,
5021,5021,6,3,0,
5022,5022,154,26,0,
5023,5023,2,2,0,
5024,5024,2,2,0,
5025,5025,6,6,0,
5026,5026,16,16,0,
5027,5027,2,2,1,
5028,5028,7,1,0,
5029,5029,20,20,0,
5030,5030,9,9,0,
5031,5031,1,1,0,
5032,5032,31,31,0,
5033,5033,2,2,0,
5034,5034,10,10,0,
5035,5035,104,104,0,
5036,5036,7,7,0,
5037,5037,2,2,0,
5038,5038,8,8,0,
5039,5039,13,2,0,
5040,5040,18,15,0,
5041,5041,2,2,0,
5042,5042,2,2,0,
5043,5043,52,28,0,
5044,5044,8,8,0,
5045,5045,14,8,0,
5046,5046,9,9,0,
5047,5047,18,18,0,
5048,5048,169,3,0,
5049,5049,13,13,0,
5050,5050,2,2,0,
5051,5051,11,10,0,
5052,5052,15,15,0,
5053,5053,10,10,0,
5054,5054,13,13,0,
5055,5055,27,27,0,
5056,5056,42,7,0,
5057,5057,60,60,0,
5058,5058,309,0,0,
5059,5059,39,16,0,
5060,5060,14,14,0,
5061,5061,121,121,0,
5062,5062,160,160,0,
5063,5063,98,40,0,
5064,5064,11,11,0,
5065,5065,117,99,44,
5066,5066,14,14,0,
5067,5067,2,2,0,
5068,5068,4,4,0,
5069,5069,6,4,0,
5070,5070,100,2,0,
5071,5071,1,1,0,
5072,5072,117,117,0,
5073,5073,8,8,0,
5074,5074,94,94,14,
5075,5075,103,0,1,
5076,5076,109,108,0,
5077,5077,20,20,0,
5078,5078,23,23,0,
5079,5079,12,12,0,
5080,5080,2,2,0,
5081,5081,3,3,0,
5082,5082,6,6,0,
5083,5083,11,11,0,
5084,5084,43,42,0,
5085,5085,8,3,0,
5086,5086,3,3,0,
5087,5087,1,1,0,
5088,5088,6,6,0,
5089,5089,6,6,0,
5090,5090,2,2,0,
5091,5091,14,5,0,
5092,5092,19,19,0,
5093,5093,17,14,0,
5094,5094,6,6,0,
5095,5095,5,4,0,
5096,5096,16,2,3,
5097,5097,3,3,0,
5098,5098,113,113,0,
5099,5099,3,1,0,
5100,5100,4,4,0,
5101,5101,5,2,0,
5102,5102,40,40,0,
5103,5103,2,2,0,
5104,5104,7,5,0,
5105,5105,9,9,0,
5106,5106,3,1,0,
5107,5107,6,5,1,
5108,5108,5,5,0,
5109,5109,203,128,0,
5110,5110,45,45,0,
5111,5111,17,17,0,
5112,5112,5,5,0,
5113,5113,1,1,0,
5114,5114,3,3,0,
5115,5115,170,170,0,
5116,5116,50,49,0,
5117,5117,148,29,0,
5118,5118,14,14,0,
5119,5119,15,12,0,
5120,5120,18,13,0,
5121,5121,161,154,0,
5122,5122,16,4,0,
5123,5123,15,15,0,
5124,5124,105,96,0,
5125,5125,38,38,0,
5126,5126,3,3,0,
5127,5127,2,2,0,
5128,5128,6,3,0,
5129,5129,102,102,0,
5130,5130,10,1,0,
5131,5131,35,34,0,
5132,5132,2,2,0,
5133,5133,2,2,0,
5134,5134,12,12,0,
5135,5135,54,0,1,
5136,5136,6,1,0,
5137,5137,3,3,0,
5138,5138,140,22,0,
5139,5139,7,4,0,
5140,5140,5,1,0,
5141,5141,4,4,0,
5142,5142,57,6,0,
5143,5143,11,11,0,
5144,5144,5,3,0,
5145,5145,18,18,0,
5146,5146,114,114,0,
5147,5147,9,9,0,
5148,5148,3,3,0,
5149,5149,20,13,0,
5150,5150,22,21,0,
5151,5151,6,6,0,
5152,5152,22,15,0,
5153,5153,6,6,0,
5154,5154,25,1,0,
5155,5155,22,22,0,
5156,5156,78,5,0,
5157,5157,3,3,6,
5158,5158,9,2,0,
5159,5159,5,1,0,
5160,5160,187,187,12,
5161,5161,9,1,0,
5162,5162,5,5,0,
5163,5163,9,9,0,
5164,5164,5,5,0,
5165,5165,20,20,0,
5166,5166,10,6,0,
5167,5167,14,14,0,
5168,5168,2,2,0,
5169,5169,15,14,0,
5170,5170,8,8,0,
5171,5171,11,11,0,
5172,5172,130,90,0,
5173,5173,6,1,0,
5174,5174,22,21,30,
5175,5175,3,3,0,
5176,5176,10,10,0,
5177,5177,18,18,0,
5178,5178,2,2,6,
5179,5179,4,0,2,
5180,5180,57,57,0,
5181,5181,4,4,0,
5182,5182,2,2,0,
5183,5183,5,5,0,
5184,5184,18,18,0,
5185,5185,10,6,0,
5186,5186,1,1,0,
5187,5187,152,0,0,
5188,5188,13,13,0,
5189,5189,20,20,0,
5190,5190,3,3,0,
5191,5191,46,46,0,
5192,5192,20,5,0,
5193,5193,10,10,0,
5194,5194,3,3,0,
5195,5195,19,19,0,
5196,5196,1,1,0,
5197,5197,8,8,0,
5198,5198,85,0,47,
5199,5199,13,13,0,
5200,5200,20,20,0,
5201,5201,24,24,0,
5202,5202,5,2,0,
5203,5203,1,1,0,
5204,5204,6,4,0,
5205,5205,9,9,0,
5206,5206,12,11,0,
5207,5207,136,3,2,
5208,5208,10,10,0,
5209,5209,4,4,0,
5210,5210,214,32,0,
5211,5211,1,1,0,
5212,5212,10,10,0,
5213,5213,18,18,0,
5214,5214,8,7,0,
5215,5215,7,6,0,
5216,5216,4,4,0,
5217,5217,2,1,0,
5218,5218,8,0,3,
5219,5219,9,9,0,
5220,5220,8,8,0,
5221,5221,7,5,0,
5222,5222,13,9,0,
5223,5223,10,10,0,
5224,5224,3,3,0,
5225,5225,172,154,0,
5226,5226,14,11,0,
5227,5227,90,68,0,
5228,5228,3,3,0,
5229,5229,17,17,0,
5230,5230,3,3,0,
5231,5231,7,7,0,
5232,5232,88,88,0,
5233,5233,6,4,0,
5234,5234,5,4,0,
5235,5235,19,18,0,
5236,5236,4,4,0,
5237,5237,8,8,8,
5238,5238,5,4,0,
5239,5239,7,7,0,
5240,5240,8,7,0,
5241,5241,7,7,0,
5242,5242,3,3,0,
5243,5243,3,3,0,
5244,5244,12,12,0,
5245,5245,9,8,0,
5246,5246,155,0,0,
5247,5247,28,24,0,
5248,5248,2,2,0,
5249,5249,49,49,1,
5250,5250,13,13,0,
5251,5251,5,5,0,
5252,5252,134,9,0,
5253,5253,11,11,0,
5254,5254,18,17,0,
5255,5255,14,14,0,
5256,5256,2,2,0,
5257,5257,16,16,0,
5258,5258,24,24,0,
5259,5259,6,6,0,
5260,5260,11,11,0,
5261,5261,11,1,0,
5262,5262,7,7,0,
5263,5263,18,18,0,
5264,5264,112,98,2,
5265,5265,4,4,,
5266,5266,228,228,0,
5267,5267,1,1,0,
5268,5267,13,13,0,